doubling every two days;doubling every 4 days;doubling every 10 days;Germany;US;Sweden;Italy;Brazil;date
100.0;100.0;100.0;117.0;107.0;146.0;155.0;151.0;0
141.4213562373095;118.9207115002721;107.17734625362931;150.0;184.0;179.0;229.0;151.0;1
200.0;141.4213562373095;114.86983549970351;188.0;237.0;225.0;322.0;162.0;2
282.842712474619;168.1792830507429;123.11444133449163;240.0;403.0;326.0;453.0;200.0;3
400.0;200.0;131.9507910772894;349.0;519.0;424.0;655.0;321.0;4
565.685424949238;237.8414230005442;141.4213562373095;534.0;594.0;620.0;888.0;372.0;5
800.0;282.842712474619;151.5716566510398;684.0;782.0;771.0;1128.0;621.0;6
1131.370849898476;336.3585661014858;162.4504792712471;847.0;1147.0;923.0;1694.0;793.0;7
1600.0;400.0;174.11011265922482;1112.0;1586.0;994.0;2036.0;1021.0;8
2262.741699796952;475.6828460010884;186.60659830736148;1296.0;2219.0;1063.0;2502.0;1546.0;9
3200.0;565.685424949238;200.0;1567.0;2978.0;1146.0;3089.0;1924.0;10
4525.483399593904;672.7171322029716;214.35469250725862;2369.0;3212.0;1265.0;3858.0;2247.0;11
6400.0;800.0;229.73967099940697;3062.0;4679.0;1410.0;4636.0;2554.0;12
9050.966799187809;951.3656920021768;246.22888266898326;3795.0;6512.0;1553.0;5883.0;2985.0;13
12800.0;1131.370849898476;263.9015821545788;4838.0;9169.0;1733.0;7375.0;3417.0;14
18101.933598375617;1345.4342644059432;282.842712474619;6012.0;13663.0;1868.0;9172.0;3904.0;15
25600.0;1600.0;303.14331330207966;7156.0;20030.0;1986.0;10149.0;4256.0;16
36203.867196751235;1902.7313840043537;324.9009585424942;8198.0;26025.0;2168.0;12462.0;4579.0;17
51200.0;2262.741699796952;348.22022531844965;10999.0;34944.0;2398.0;15113.0;5717.0;18
72407.73439350247;2690.8685288118863;373.21319661472296;13957.0;46096.0;2712.0;17660.0;6836.0;19
;;;16662.0;56714.0;2998.0;21157.0;8044.0;20
;;;18610.0;68841.0;3363.0;24747.0;9056.0;21
;;;22672.0;86662.0;3663.0;27980.0;10360.0;22
;;;27436.0;105253.0;3943.0;31506.0;11130.0;23
;;;31554.0;127417.0;4359.0;35713.0;12161.0;24
;;;36508.0;143544.0;4834.0;41035.0;14034.0;25
;;;42288.0;165698.0;5320.0;47021.0;16170.0;26
;;;48582.0;192079.0;5874.0;53578.0;18092.0;27
;;;52547.0;223254.0;6475.0;59138.0;19638.0;28
;;;57298.0;255530.0;6832.0;63927.0;20727.0;29
;;;61913.0;287931.0;7172.0;69176.0;22192.0;30
;;;67366.0;319776.0;7561.0;74386.0;23430.0;31
;;;73522.0;349016.0;8299.0;80589.0;25262.0;32
;;;79696.0;380798.0;8954.0;86498.0;28320.0;33
;;;85778.0;410834.0;9599.0;92472.0;30425.0;34
;;;91714.0;441897.0;10053.0;97689.0;33682.0;35
;;;95391.0;477507.0;10448.0;101739.0;36658.0;36
;;;99225.0;511790.0;10912.0;105792.0;38654.0;37
;;;103228.0;540714.0;11349.0;110574.0;40743.0;38
;;;108202.0;567022.0;11828.0;115242.0;43079.0;39
;;;113525.0;594165.0;12432.0;119827.0;45757.0;40
;;;117658.0;622493.0;13055.0;124632.0;50036.0;41
;;;120479.0;648390.0;13743.0;128948.0;54043.0;42
;;;123016.0;678028.0;14275.0;132547.0;59324.0;43
;;;125098.0;711135.0;14663.0;135586.0;63100.0;44
;;;127584.0;738464.0;15124.0;139422.0;67446.0;45
;;;130450.0;763886.0;15831.0;143626.0;73235.0;46
;;;133830.0;793970.0;16553.0;147577.0;79685.0;47
;;;137439.0;820045.0;17311.0;152271.0;87187.0;48
;;;139897.0;849926.0;18090.0;156363.0;92202.0;49
;;;141672.0;881891.0;18563.0;159516.0;97100.0;50
;;;143457.0;913856.0;18863.0;162488.0;101826.0;51
;;;145694.0;944770.0;19426.0;165155.0;108620.0;52
;;;148046.0;970741.0;20168.0;168941.0;115455.0;53
;;;150383.0;995391.0;20966.0;172434.0;126611.0;54
;;;152438.0;1019964.0;21601.0;175925.0;135773.0;55
;;;154175.0;1046816.0;22133.0;178972.0;146894.0;56
;;;155193.0;1076518.0;22432.0;181228.0;156061.0;57
;;;156337.0;1111410.0;22693.0;183957.0;162699.0;58
;;;157641.0;1138174.0;23169.0;187327.0;169594.0;59
;;;159119.0;1161907.0;23826.0;189973.0;178214.0;60
;;;160758.0;1185709.0;24572.0;192994.0;190137.0;61
;;;161703.0;1209729.0;25359.0;195351.0;203165.0;62
;;;162496.0;1234211.0;26059.0;197675.0;220291.0;63
;;;163175.0;1261950.0;26568.0;199414.0;233511.0;64
;;;163860.0;1289133.0;26846.0;201505.0;241080.0;65
;;;164807.0;1313587.0;27301.0;203591.0;255368.0;66
;;;166091.0;1332334.0;28055.0;205463.0;271885.0;67
;;;167300.0;1351411.0;28755.0;207428.0;294624.0;68
;;;168551.0;1374792.0;29415.0;209328.0;312761.0;69
;;;169218.0;1394807.0;30103.0;210717.0;334568.0;70
;;;169575.0;1420697.0;30461.0;211938.0;351565.0;71
;;;170508.0;1445548.0;30720.0;213013.0;366033.0;72
;;;171306.0;1469598.0;31151.0;214457.0;378840.0;73
;;;172239.0;1488327.0;31818.0;215858.0;395167.0;74
;;;173152.0;1510635.0;32626.0;217185.0;415366.0;75
;;;173772.0;1531138.0;33236.0;218268.0;443703.0;76
;;;174355.0;1553966.0;33768.0;219070.0;470593.0;77
;;;174697.0;1579118.0;34171.0;219814.0;502914.0;78
;;;175210.0;1602947.0;34381.0;221216.0;516137.0;79
;;;176007.0;1623136.0;34871.0;222104.0;531286.0;80
;;;176752.0;1643310.0;35617.0;223096.0;562963.0;81
;;;177212.0;1662404.0;36417.0;223885.0;589048.0;82
;;;177850.0;1681130.0;37191.0;224760.0;621002.0;83
;;;178281.0;1699893.0;37964.0;225435.0;653103.0;84
;;;178570.0;1721160.0;38396.0;225886.0;676893.0;85
;;;179002.0;1746242.0;38661.0;226699.0;694881.0;86
;;;179364.0;1769322.0;39309.0;227364.0;712219.0;87
;;;179717.0;1788241.0;40210.0;228006.0;743917.0;88
;;;180458.0;1806081.0;41256.0;228658.0;777707.0;89
;;;181196.0;1826171.0;42295.0;229327.0;806399.0;90
;;;181482.0;1845327.0;43441.0;229858.0;830681.0;91
;;;181815.0;1873261.0;44224.0;230158.0;851911.0;92
;;;182028.0;1899701.0;44686.0;230555.0;868705.0;93
;;;182370.0;1919970.0;45363.0;231139.0;893322.0;94
;;;182764.0;1937796.0;46299.0;231732.0;930305.0;95
;;;183271.0;1954696.0;47736.0;232248.0;961230.0;96
;;;183678.0;1975017.0;49030.0;232664.0;986750.0;97
;;;183979.0;1996735.0;50367.0;232997.0;1042809.0;98
;;;184193.0;2019013.0;51409.0;233197.0;1106332.0;99
;;;184543.0;2044571.0;51827.0;233515.0;1086536.0;100
;;;184861.0;2068728.0;52511.0;233836.0;1114728.0;101
;;;185416.0;2087629.0;53729.0;234013.0;1154255.0;102
;;;185674.0;2108628.0;55186.0;234531.0;1195288.0;103
;;;186022.0;2133177.0;56682.0;234801.0;1236752.0;104
;;;186269.0;2160227.0;57895.0;234998.0;1281636.0;105
;;;186461.0;2188454.0;58597.0;235278.0;1318556.0;106
;;;186839.0;2219508.0;58918.0;235561.0;1351439.0;107
;;;187184.0;2251334.0;59718.0;235763.0;1372989.0;108
;;;187764.0;2277170.0;61030.0;236142.0;1412669.0;109
;;;188534.0;2306971.0;62728.0;236305.0;1459494.0;110
;;;189135.0;2345700.0;64009.0;236651.0;1503895.0;111
;;;189822.0;2381951.0;65212.0;236989.0;1546935.0;112
;;;190359.0;2421250.0;65972.0;237290.0;1580502.0;113
;;;190862.0;2470296.0;66392.0;237500.0;1605695.0;114
;;;191449.0;2511050.0;67119.0;237828.0;1630149.0;115
;;;192079.0;2553975.0;67924.0;238159.0;1676848.0;116
;;;192556.0;2595272.0;68608.0;238011.0;1722098.0;117
;;;193243.0;2645097.0;69297.0;238275.0;1765060.0;118
;;;193499.0;2694220.0;69996.0;238499.0;1809371.0;119
;;;193761.0;2749163.0;70366.0;238720.0;1844318.0;120
;;;194259.0;2800668.0;70681.0;238833.0;1867976.0;121
;;;194725.0;2846614.0;70932.0;239410.0;1890869.0;122
;;;195228.0;2900342.0;71210.0;239706.0;1933791.0;123
;;;195674.0;2943508.0;71747.0;239961.0;1973933.0;124
;;;196096.0;3000739.0;72082.0;240136.0;2017616.0;125
;;;196335.0;3061045.0;72459.0;240310.0;2052234.0;126
;;;196554.0;3120701.0;72773.0;240436.0;2077987.0;127
;;;196944.0;3189561.0;72879.0;240578.0;2101399.0;128
;;;197341.0;3250000.0;73049.0;240760.0;2124152.0;129
;;;197783.0;3310132.0;73364.0;240961.0;2171079.0;130
;;;198178.0;3369496.0;73663.0;241184.0;2237229.0;131
;;;198556.0;3435158.0;73936.0;241419.0;2294555.0;132
;;;198804.0;3501184.0;74235.0;241611.0;2351458.0;133
;;;198963.0;3571998.0;74435.0;241819.0;2398993.0;134
;;;199375.0;3638470.0;74545.0;241956.0;2421666.0;135
;;;199726.0;3702792.0;74676.0;242149.0;2449677.0;136
;;;200260.0;3761724.0;74902.0;242363.0;2503681.0;137
;;;200843.0;3822387.0;75199.0;242639.0;2559132.0;138
;;;201372.0;3890581.0;75419.0;242827.0;2617187.0;139
;;;201574.0;3958126.0;75681.0;243061.0;2670451.0;140
;;;201823.0;4026012.0;75819.0;243230.0;2711992.0;141
;;;202345.0;4101159.0;75861.0;243344.0;2736058.0;142
;;;202799.0;4165359.0;75932.0;243506.0;2756164.0;143
;;;203368.0;4221198.0;76215.0;243736.0;2812447.0;144
;;;204183.0;4280922.0;76516.0;243967.0;2868616.0;145
;;;204964.0;4345753.0;76818.0;244216.0;2922605.0;146
;;;205269.0;4409882.0;77076.0;244434.0;2972008.0;147
;;;205609.0;4479123.0;77379.0;244624.0;3018397.0;148
;;;206242.0;4543699.0;77417.0;244752.0;3041127.0;149
;;;206926.0;4601277.0;77582.0;245032.0;3067633.0;150
;;;207828.0;4648386.0;77916.0;245338.0;3118153.0;151
;;;208698.0;4690070.0;78341.0;245590.0;3173107.0;152
;;;209653.0;4751727.0;78719.0;245864.0;3233820.0;153
;;;209893.0;4806075.0;79099.0;246118.0;3283227.0;154
;;;210402.0;4866254.0;79359.0;246286.0;3320108.0;155
;;;211281.0;4926841.0;79432.0;246488.0;3343114.0;156
;;;212022.0;4990774.0;79628.0;246776.0;3367511.0;157
;;;213067.0;5045041.0;80045.0;247158.0;3416775.0;158
;;;214214.0;5096658.0;80489.0;247537.0;3465378.0;159
;;;215336.0;5153612.0;80851.0;247832.0;3508352.0;160
;;;215891.0;5208856.0;81195.0;248070.0;3540678.0;161
;;;216327.0;5260512.0;81421.0;248229.0;3586586.0;162
;;;217293.0;5330637.0;81484.0;248419.0;3608459.0;163
;;;218519.0;5383031.0;81658.0;248803.0;3631972.0;164
;;;219964.0;5417693.0;81972.0;249204.0;3678279.0;165
;;;221413.0;5455542.0;82323.0;249756.0;3726431.0;166
;;;222828.0;5500444.0;82656.0;250103.0;3768691.0;167
;;;223453.0;5546328.0;82954.0;250566.0;3812779.0;168
;;;224014.0;5591456.0;83114.0;250825.0;3850070.0;169
;;;225404.0;5639047.0;83171.0;251237.0;3864604.0;170
;;;226914.0;5684719.0;83353.0;251713.0;3914829.0;171
;;;228621.0;5716630.0;83578.0;252235.0;3959158.0;172
;;;230048.0;5750553.0;83824.0;252809.0;4005611.0;173
;;;232082.0;5793226.0;83958.0;253438.0;4052420.0;174
;;;232864.0;5835299.0;83958.0;253915.0;4091959.0;175
;;;233575.0;5885817.0;83958.0;254235.0;4125816.0;176
;;;234853.0;5932287.0;83958.0;254636.0;4140488.0;177
;;;236429.0;5975390.0;84379.0;255278.0;4150004.0;178
;;;237936.0;6009521.0;84521.0;256118.0;4168790.0;179
;;;239507.0;6042883.0;84532.0;257065.0;4205877.0;180
;;;240986.0;6084862.0;84729.0;258136.0;4246638.0;181
;;;241771.0;6124823.0;84985.0;259345.0;4288171.0;182
;;;242381.0;6169964.0;84985.0;260298.0;4318971.0;183
;;;243599.0;6218298.0;84985.0;261174.0;4332991.0;184
;;;244855.0;6261921.0;85558.0;262540.0;4353602.0;185
;;;246166.0;6291040.0;85707.0;263949.0;4388154.0;186
;;;247619.0;6315603.0;85880.0;265409.0;4425451.0;187
;;;248997.0;6342347.0;86194.0;266853.0;4461856.0;188
;;;249985.0;6375987.0;86505.0;268218.0;4501587.0;189
;;;250799.0;6415435.0;86505.0;269214.0;4531145.0;190
;;;252298.0;6460058.0;86505.0;270189.0;4546587.0;191
;;;253474.0;6505641.0;86505.0;271515.0;4564222.0;192
;;;255366.0;6545932.0;87345.0;272912.0;4599189.0;193
;;;256850.0;6578496.0;87575.0;274644.0;4631915.0;194
;;;258480.0;6615674.0;87885.0;276338.0;4663930.0;195
;;;259428.0;6653966.0;88237.0;277634.0;4696240.0;196
;;;260355.0;6699284.0;88237.0;278784.0;4720958.0;197
;;;261762.0;6749468.0;88237.0;280153.0;4734745.0;198
;;;263663.0;6795246.0;88237.0;281583.0;4751616.0;199
;;;265857.0;6836856.0;89436.0;283180.0;4784464.0;200
;;;267773.0;6868899.0;89756.0;284796.0;4817365.0;201
;;;270070.0;6907170.0;90289.0;286297.0;4853148.0;202
;;;271415.0;6948290.0;90923.0;287753.0;4885966.0;203
;;;272337.0;6997173.0;90923.0;288761.0;4908974.0;204
;;;274158.0;7044309.0;90923.0;289990.0;4917689.0;205
;;;275927.0;7087856.0;90923.0;291442.0;4943742.0;206
;;;278070.0;7121635.0;92466.0;293025.0;4975268.0;207
;;;280223.0;7159375.0;92863.0;294932.0;5006206.0;208
;;;282730.0;7201407.0;93615.0;296569.0;5033036.0;209
;;;284140.0;7240039.0;94283.0;298156.0;5060769.0;210
;;;285332.0;7286282.0;94283.0;299506.0;5084513.0;211
;;;287421.0;7339725.0;94283.0;300897.0;5096704.0;212
;;;289219.0;7389006.0;94283.0;302537.0;5105340.0;213
;;;291722.0;7422136.0;96145.0;304323.0;5118699.0;214
;;;294395.0;7459493.0;96677.0;306235.0;5146543.0;215
;;;296958.0;7504039.0;97532.0;308104.0;5176969.0;216
;;;299237.0;7553176.0;98451.0;309870.0;5205565.0;217
;;;300619.0;7611066.0;98451.0;311364.0;5226341.0;218
;;;303258.0;7666145.0;98451.0;313011.0;5238392.0;219
;;;306086.0;7721512.0;98451.0;314861.0;5254971.0;220
;;;310144.0;7768412.0;100654.0;317409.0;5278737.0;221
;;;314660.0;7810492.0;101332.0;319908.0;5304593.0;222
;;;319381.0;7860615.0;102407.0;322751.0;5329357.0;223
;;;322864.0;7919057.0;103200.0;325329.0;5359358.0;224
;;;325331.0;7982595.0;103200.0;327586.0;5384342.0;225
;;;329453.0;8052769.0;103200.0;330263.0;5396596.0;226
;;;334585.0;8107601.0;103200.0;333940.0;5415207.0;227
;;;341223.0;8159771.0;106380.0;338398.0;5445189.0;228
;;;348557.0;8227653.0;107355.0;343770.0;5473540.0;229
;;;356387.0;8289390.0;108969.0;349494.0;5500240.0;230
;;;361974.0;8350096.0;110594.0;354950.0;5524593.0;231
;;;366299.0;8429717.0;110594.0;359569.0;5537763.0;232
;;;373167.0;8511376.0;110594.0;365467.0;5547951.0;233
;;;380762.0;8589751.0;110594.0;372799.0;5556200.0;234
;;;392049.0;8650726.0;115785.0;381602.0;5570782.0;235
;;;403291.0;8715290.0;117913.0;391611.0;5594098.0;236
;;;418005.0;8792513.0;121167.0;402536.0;5617943.0;237
;;;429181.0;8878990.0;124355.0;414241.0;5638143.0;238
;;;437866.0;8970283.0;124355.0;423578.0;5655887.0;239
;;;449275.0;9070130.0;124355.0;434449.0;5666389.0;240
;;;464239.0;9157473.0;124355.0;449648.0;5679803.0;241
;;;481013.0;9235303.0;134532.0;465726.0;5726227.0;242
;;;499694.0;9317109.0;137730.0;484869.0;5752474.0;243
;;;518753.0;9441875.0;141764.0;504509.0;5786393.0;244
;;;532930.0;9542136.0;146461.0;525782.0;5825111.0;245
;;;545027.0;9670217.0;146461.0;542789.0;5851389.0;246
;;;560379.0;9797272.0;146461.0;564778.0;5865295.0;247
;;;577593.0;9924336.0;146461.0;589766.0;5881039.0;248
;;;597583.0;10044009.0;162240.0;616595.0;5916529.0;249
;;;619089.0;10160964.0;166707.0;647674.0;5951281.0;250
;;;642488.0;10297518.0;171365.0;679430.0;5987143.0;251
;;;658505.0;10445200.0;177355.0;709335.0;6025913.0;252
;;;671868.0;10603995.0;177355.0;731588.0;6056135.0;253
;;;687200.0;10783514.0;177355.0;759829.0;6074061.0;254
;;;705687.0;10947564.0;177355.0;790377.0;6092219.0;255
;;;727553.0;11087279.0;192439.0;824879.0;6126752.0;256
;;;751095.0;11240367.0;196446.0;862681.0;6171380.0;257
;;;773556.0;11405015.0;201055.0;902490.0;6212265.0;258
;;;790503.0;11576984.0;208295.0;935104.0;6245773.0;259
;;;801327.0;11769284.0;208295.0;960373.0;6297258.0;260
;;;815746.0;11970952.0;208295.0;995463.0;6318270.0;261
;;;833307.0;12150771.0;208295.0;1028424.0;6341965.0;262
;;;855916.0;12297358.0;225560.0;1066401.0;6393950.0;263
;;;879564.0;12478869.0;230514.0;1107303.0;6442425.0;264
;;;902528.0;12652431.0;236355.0;1144552.0;6492564.0;265
;;;918269.0;12832643.0;243129.0;1178529.0;6540235.0;266
;;;929133.0;12949892.0;243129.0;1205881.0;6580517.0;267
;;;942687.0;13164526.0;243129.0;1238072.0;6606947.0;268
;;;961320.0;13332750.0;243129.0;1272352.0;6633971.0;269
;;;983588.0;13473101.0;260758.0;1308528.0;6681767.0;270
;;;1006394.0;13628015.0;266158.0;1345767.0;6736358.0;271
;;;1028089.0;13825131.0;272643.0;1380531.0;6789908.0;272
;;;1042700.0;14021291.0;278912.0;1408868.0;6842458.0;273
;;;1053869.0;14241510.0;278912.0;1431795.0;6884782.0;274
;;;1067473.0;14476879.0;278912.0;1455022.0;6906811.0;275
;;;1084743.0;14698887.0;278912.0;1480874.0;6934191.0;276
;;;1106789.0;14878212.0;297732.0;1509875.0;6982223.0;277
;;;1130238.0;15073671.0;304793.0;1538217.0;7048347.0;278
;;;1153556.0;15300726.0;312728.0;1564532.0;7117046.0;279
;;;1171323.0;15516732.0;320098.0;1585178.0;7169899.0;280
;;;1183655.0;15753677.0;320098.0;1601554.0;7218141.0;281
;;;1197709.0;15992578.0;320098.0;1620901.0;7242625.0;282
;;;1218524.0;16217115.0;320098.0;1641610.0;7270270.0;283
;;;1242203.0;16408708.0;341029.0;1664829.0;7326935.0;284
;;;1272078.0;16618531.0;348585.0;1688939.0;7372614.0;285
;;;1300516.0;16844844.0;357466.0;1709991.0;7430825.0;286
;;;1320716.0;17079647.0;367120.0;1728878.0;7452008.0;287
;;;1337078.0;17319893.0;367120.0;1742557.0;7469541.0;288
;;;1351510.0;17567839.0;367120.0;1757394.0;7487155.0;289
;;;1379238.0;17773691.0;367120.0;1770149.0;7514592.0;290
;;;1406161.0;17960885.0;389439.0;1787147.0;7570963.0;291
;;;1439938.0;18157739.0;396048.0;1805873.0;7626563.0;292
;;;1471238.0;18363670.0;396048.0;1825775.0;7681032.0;293
;;;1494009.0;18585107.0;396048.0;1843712.0;7703971.0;294
;;;1510652.0;18798055.0;396048.0;1855737.0;7719324.0;295
;;;1530180.0;18925234.0;396048.0;1870576.0;7736514.0;296
;;;1554920.0;19142672.0;396048.0;1888144.0;7761553.0;297
;;;1587115.0;19278635.0;428533.0;1906377.0;7819636.0;298
;;;1612648.0;19451935.0;437379.0;1921778.0;7882143.0;299
;;;1627103.0;19657909.0;437379.0;1938083.0;7970112.0;300
;;;1640858.0;19876203.0;437379.0;1953185.0;8029698.0;301
;;;1651834.0;20191291.0;437379.0;1964054.0;8081091.0;302
;;;1664726.0;20370188.0;437379.0;1977370.0;8110118.0;303
;;;1687185.0;20642467.0;437379.0;1991278.0;8140865.0;304
;;;1719737.0;20845869.0;469748.0;2009317.0;8205289.0;305
;;;1742661.0;21031371.0;469748.0;2028354.0;8265116.0;306
;;;1755351.0;21264230.0;482284.0;2038759.0;8333445.0;307
;;;1765666.0;21523988.0;489471.0;2047696.0;8402542.0;308
;;;1775513.0;21810231.0;489471.0;2056277.0;8460987.0;309
;;;1787410.0;22114294.0;489471.0;2067487.0;8492403.0;310
;;;1808647.0;22379024.0;489471.0;2083689.0;8521336.0;311
;;;1835038.0;22589866.0;506866.0;2107166.0;8583485.0;312
;;;1866887.0;22793829.0;512203.0;2129376.0;8647962.0;313
;;;1891581.0;23015643.0;518783.0;2141201.0;8706912.0;314
;;;1908527.0;23244975.0;523486.0;2155446.0;8763517.0;315
;;;1921024.0;23480547.0;523486.0;2166244.0;8821815.0;316
;;;1933826.0;23725550.0;523486.0;2181619.0;8850334.0;317
;;;1953426.0;23943240.0;523486.0;2201945.0;8880864.0;318
;;;1978590.0;24119795.0;533265.0;2220361.0;8942472.0;319
;;;2000958.0;24260618.0;537967.0;2237890.0;9007244.0;320
;;;2019636.0;24417505.0;542952.0;2257866.0;9068004.0;321
;;;2033518.0;24604885.0;547166.0;2276491.0;9127507.0;322
;;;2040659.0;24797436.0;547166.0;2289021.0;9180621.0;323
;;;2052028.0;24989204.0;547166.0;2303263.0;9208521.0;324
;;;2068002.0;25167377.0;547166.0;2319036.0;9237011.0;325
;;;2088400.0;25307520.0;556289.0;2336279.0;9293289.0;326
;;;2106262.0;25437119.0;560472.0;2352423.0;9347703.0;327
;;;2122679.0;25588125.0;564557.0;2368733.0;9404810.0;328
;;;2134936.0;25743581.0;566957.0;2381277.0;9456500.0;329
;;;2141665.0;25910340.0;566957.0;2390102.0;9502810.0;330
;;;2148077.0;26074081.0;566957.0;2400598.0;9528972.0;331
;;;2161275.0;26225020.0;566957.0;2414166.0;9557558.0;332
;;;2178828.0;26337877.0;576606.0;2428221.0;9608775.0;333
;;;2192850.0;26463191.0;580916.0;2441854.0;9669883.0;334
;;;2205171.0;26580221.0;584674.0;2455185.0;9723487.0;335
;;;2216363.0;26704591.0;588062.0;2466813.0;9772429.0;336
;;;2221971.0;26829620.0;588062.0;2475372.0;9817285.0;337
;;;2228085.0;26960729.0;588062.0;2485956.0;9848008.0;338
;;;2237790.0;27077586.0;588062.0;2501147.0;9873816.0;339
;;;2252001.0;27167014.0;596174.0;2515507.0;9939100.0;340
;;;2264909.0;27249811.0;600244.0;2529070.0;9986325.0;341
;;;2275394.0;27345192.0;604577.0;2541783.0;10039804.0;342
;;;2284010.0;27440473.0;608411.0;2553032.0;10091961.0;343
;;;2288545.0;27547244.0;608411.0;2560957.0;10144332.0;344
;;;2291924.0;27647824.0;608411.0;2570608.0;10173817.0;345
;;;2299996.0;27738580.0;608411.0;2583790.0;10205663.0;346
;;;2310233.0;27806888.0;617869.0;2597446.0;10269248.0;347
;;;2320093.0;27862336.0;622102.0;2611659.0;10334634.0;348
;;;2328447.0;27921557.0;627022.0;2625098.0;10402913.0;349
;;;2334561.0;27990403.0;631166.0;2636738.0;10466308.0;350
;;;2338987.0;28062983.0;631166.0;2644707.0;10524726.0;351
;;;2342843.0;28138141.0;631166.0;2655319.0;10558091.0;352
;;;2350399.0;28211923.0;631166.0;2668266.0;10598476.0;353
;;;2360606.0;28267188.0;642099.0;2683403.0;10658171.0;354
;;;2369719.0;28322670.0;647470.0;2697296.0;10731070.0;355
;;;2378883.0;28396527.0;652465.0;2710819.0;10807092.0;356
;;;2386559.0;28471552.0;657309.0;2721879.0;10879597.0;357
;;;2390928.0;28548831.0;657309.0;2729223.0;10946501.0;358
;;;2394811.0;28624249.0;657309.0;2739591.0;11028185.0;359
;;;2402818.0;28695537.0;657309.0;2751657.0;11064770.0;360
;;;2414687.0;28747301.0;669113.0;2765412.0;11136064.0;361
;;;2424684.0;28797741.0;675292.0;2780882.0;11217531.0;362
;;;2434446.0;28856159.0;680130.0;2795796.0;11294602.0;363
;;;2442336.0;28923209.0;684961.0;2809246.0;11377073.0;364
;;;2447068.0;28992150.0;684961.0;2818863.0;11447416.0;365
;;;2451011.0;29060028.0;684961.0;2832162.0;11490864.0;366
;;;2460030.0;29121057.0;684961.0;2848564.0;11535178.0;367
;;;2471942.0;29162667.0;695975.0;2868435.0;11620823.0;368
;;;2482522.0;29206757.0;701892.0;2888923.0;11709475.0;369
;;;2492079.0;29262259.0;707192.0;2907825.0;11797401.0;370
;;;2500182.0;29320032.0;712527.0;2925265.0;11885660.0;371
;;;2505193.0;29381820.0;712527.0;2938371.0;11958814.0;372
;;;2509445.0;29444421.0;712527.0;2955434.0;12006259.0;373
;;;2518591.0;29501241.0;712527.0;2976274.0;12062229.0;374
;;;2532947.0;29540515.0;725289.0;2999119.0;12147437.0;375
;;;2545781.0;29591547.0;732070.0;3023129.0;12238343.0;376
;;;2558455.0;29645614.0;738537.0;3046762.0;12336604.0;377
;;;2569245.0;29704888.0;744272.0;3067486.0;12416950.0;378
;;;2575849.0;29767278.0;744272.0;3081368.0;12498653.0;379
;;;2581329.0;29828910.0;744272.0;3101093.0;12545611.0;380
;;;2594764.0;29887777.0;744272.0;3123368.0;12588226.0;381
;;;2612268.0;29923155.0;758335.0;3149017.0;12674667.0;382
;;;2629750.0;29970579.0;765984.0;3175807.0;12763392.0;383
;;;2645783.0;30023437.0;773690.0;3201838.0;12851165.0;384
;;;2659516.0;30111195.0;780018.0;3223142.0;12920540.0;385
;;;2667225.0;30178821.0;780018.0;3238394.0;12959895.0;386
;;;2674710.0;30255191.0;780018.0;3258770.0;12992213.0;387
;;;2690523.0;30319246.0;780018.0;3281810.0;13034887.0;388
;;;2713180.0;30365566.0;796445.0;3306711.0;13120019.0;389
;;;2734753.0;30431438.0;804886.0;3332418.0;13208715.0;390
;;;2755225.0;30493127.0;813191.0;3356331.0;13297270.0;391
;;;2772401.0;30562657.0;813191.0;3376376.0;13385380.0;392
;;;2782273.0;30639513.0;813191.0;3400877.0;13451932.0;393
;;;2791822.0;30713536.0;813191.0;3419616.0;13491107.0;394
;;;2808873.0;30778416.0;813191.0;3440862.0;13530757.0;395
;;;2833173.0;30816339.0;834993.0;3464543.0;13613418.0;396
;;;2855061.0;30883426.0;841807.0;3488619.0;13688024.0;397
;;;2873190.0;30946252.0;849629.0;3512453.0;13759207.0;398
;;;2885386.0;31022028.0;857401.0;3532057.0;13843594.0;399
;;;2893883.0;31102094.0;857401.0;3544957.0;13912159.0;400
;;;2900768.0;31186847.0;857401.0;3561012.0;13950997.0;401
;;;2910445.0;31257382.0;857401.0;3584899.0;13987519.0;402
;;;2930852.0;31304838.0;876506.0;3607083.0;14060162.0;403
;;;2956316.0;31367021.0;885385.0;3629000.0;14134150.0;404
;;;2980413.0;31447860.0;892480.0;3650247.0;14182258.0;405
;;;2998268.0;31523464.0;900138.0;3668264.0;14251539.0;406
;;;3011513.0;31597446.0;900138.0;3678944.0;14315320.0;407
;;;3022323.0;31680918.0;900138.0;3686707.0;14348961.0;408
;;;3044016.0;31736405.0;900138.0;3700393.0;14381359.0;409
;;;3073442.0;31780231.0;916830.0;3717602.0;14457203.0;410
;;;3099273.0;31838777.0;924340.0;3736526.0;14534482.0;411
;;;3123077.0;31901217.0;932076.0;3754077.0;14603096.0;412
;;;3142262.0;31965563.0;938343.0;3769814.0;14675104.0;413
;;;3153699.0;32032282.0;938343.0;3779594.0;14733396.0;414
;;;3163308.0;32095177.0;938343.0;3793033.0;14762684.0;415
;;;3188192.0;32150148.0;938343.0;3809193.0;14801673.0;416
;;;3217710.0;32184916.0;953254.0;3826156.0;14871208.0;417
;;;3245253.0;32227203.0;960520.0;3842079.0;14947580.0;418
;;;3268645.0;32279484.0;967678.0;3857443.0;15019870.0;419
;;;3287418.0;32334670.0;973604.0;3870131.0;15096714.0;420
;;;3299325.0;32393496.0;973604.0;3878994.0;15158475.0;421
;;;3310301.0;32451598.0;973604.0;3891063.0;15191195.0;422
;;;3332532.0;32500374.0;973604.0;3904899.0;15227496.0;423
;;;3357268.0;32530930.0;988554.0;3920945.0;15297602.0;424
;;;3381597.0;32575552.0;995595.0;3935703.0;15373850.0;425
;;;3400532.0;32618447.0;1002121.0;3949517.0;15453880.0;426
;;;3416822.0;32664490.0;1007792.0;3962674.0;15531794.0;427
;;;3425982.0;32710669.0;1007792.0;3971114.0;15599145.0;428
;;;3433516.0;32759084.0;1007792.0;3981512.0;15636709.0;429
;;;3451550.0;32794738.0;1007792.0;3994894.0;15672307.0;430
;;;3473503.0;32817608.0;1021604.0;4009208.0;15747112.0;431
;;;3491988.0;32849984.0;1027934.0;4022653.0;15827375.0;432
;;;3507673.0;32885461.0;1027934.0;4035617.0;15910762.0;433
;;;3520329.0;32921612.0;1037126.0;4044762.0;15987393.0;434
;;;3527251.0;32960348.0;1037126.0;4050708.0;16055289.0;435
;;;3533376.0;33002565.0;1037126.0;4059821.0;16093784.0;436
;;;3548285.0;33033322.0;1037126.0;4070400.0;16131264.0;437
;;;3565704.0;33051014.0;1047143.0;4082198.0;16205305.0;438
;;;3577040.0;33076256.0;1051762.0;4092747.0;16285550.0;439
;;;3584934.0;33105171.0;1055173.0;4102921.0;16350081.0;440
;;;3593434.0;33134775.0;1058341.0;4111210.0;16403969.0;441
;;;3598846.0;33164990.0;1058341.0;4116287.0;16479832.0;442
;;;3603055.0;33193815.0;1058341.0;4123230.0;16521281.0;443
;;;3614095.0;33215028.0;1058341.0;4131078.0;16557888.0;444
;;;3626393.0;33228813.0;1064375.0;4139160.0;16636801.0;445
;;;3635162.0;33250684.0;1067107.0;4146722.0;16733079.0;446
;;;3642244.0;33275274.0;1068473.0;4153374.0;16809146.0;447
;;;3648958.0;33299870.0;1068473.0;4159122.0;16852317.0;448
;;;3651640.0;33326711.0;1068473.0;4162576.0;16913984.0;449
;;;3653551.0;33348953.0;1068473.0;4167025.0;16954327.0;450
;;;3656177.0;33362264.0;1068473.0;4172525.0;16994043.0;451
;;;3662490.0;33369618.0;1068473.0;4178261.0;17049756.0;452
;;;3669870.0;33375892.0;1068473.0;4183476.0;17134623.0;453
;;;3675296.0;33396745.0;1076993.0;4188190.0;17225867.0;454
;;;3679148.0;33413457.0;1078062.0;4192183.0;17312179.0;455
;;;3681126.0;33431853.0;1078062.0;4194672.0;17385952.0;456
;;;3682911.0;33449718.0;1078062.0;4197892.0;17422936.0;457
;;;3687828.0;33465322.0;1078062.0;4201827.0;17465628.0;458
;;;3692468.0;33471338.0;1080733.0;4205970.0;17552769.0;459
;;;3695633.0;33485408.0;1081898.0;4209707.0;17639297.0;460
;;;3697927.0;33498448.0;1082729.0;4213055.0;17715789.0;461
;;;3700367.0;33517013.0;1083456.0;4216003.0;17811233.0;462
;;;3701484.0;33531794.0;1083456.0;4217821.0;17889167.0;463
;;;3702688.0;33556945.0;1083456.0;4220304.0;17933754.0;464
;;;3705942.0;33566105.0;1083456.0;4223200.0;17979164.0;465
;;;3709129.0;33571375.0;1084636.0;4225163.0;18103412.0;466
;;;3711569.0;33583161.0;1084636.0;4227719.0;18180808.0;467
;;;3713480.0;33593891.0;1084636.0;4230153.0;18257432.0;468
;;;3714969.0;33605799.0;1084636.0;4232428.0;18332493.0;469
;;;3715518.0;33617562.0;1084636.0;4233698.0;18393158.0;470
;;;3716170.0;33638744.0;1084636.0;4235592.0;18425138.0;471
;;;3717625.0;33647796.0;1084636.0;4237790.0;18457197.0;472
;;;3718955.0;33652753.0;1088014.0;4239868.0;18523153.0;473
;;;3720031.0;33663308.0;1088518.0;4241760.0;18570296.0;474
;;;3721139.0;33674104.0;1088896.0;4243482.0;18631426.0;475
;;;3721981.0;33686769.0;1088896.0;4244872.0;18694998.0;476
;;;3722327.0;33701245.0;1088896.0;4245779.0;18748731.0;477
;;;3722782.0;33725847.0;1088896.0;4247032.0;18774193.0;478
;;;3723798.0;33735216.0;1088896.0;4248432.0;18802128.0;479
;;;3724806.0;33739840.0;1089743.0;4249755.0;18863811.0;480
;;;3725580.0;33753423.0;1089990.0;4250902.0;18917978.0;481
;;;3726172.0;33760900.0;1090553.0;4252095.0;18972125.0;482
;;;3726710.0;33776252.0;1090880.0;4252976.0;19030577.0;483
;;;3726929.0;33791371.0;1090880.0;4253460.0;19074698.0;484
;;;3727333.0;33821128.0;1090880.0;4254294.0;19093845.0;485
;;;3728141.0;33826542.0;1090880.0;4255434.0;19113078.0;486
;;;3729033.0;33830826.0;1091730.0;4255700.0;19161644.0;487
;;;3729682.0;33839728.0;1092083.0;4256451.0;19217741.0;488
;;;3730353.0;33862010.0;1092308.0;4257289.0;19272139.0;489
;;;3730912.0;33882188.0;1092540.0;4258069.0;19315054.0;490
;;;3731124.0;33903053.0;1092540.0;4258456.0;19364084.0;491
;;;3731564.0;33950646.0;1092540.0;4259133.0;19380831.0;492
;;;3732549.0;33960765.0;1092540.0;4259909.0;19397587.0;493
;;;3733519.0;33972512.0;1093209.0;4260788.0;19428736.0;494
;;;3734468.0;34001934.0;1093576.0;4261582.0;19484572.0;495
;;;3735420.0;34028465.0;1093923.0;4262511.0;19533253.0;496
;;;3736165.0;34059590.0;1094287.0;4263317.0;19640373.0;497
;;;3736489.0;34091550.0;1094287.0;4263797.0;19675021.0;498
;;;3737135.0;34169659.0;1094287.0;4264704.0;19693277.0;499
;;;3738683.0;34183761.0;1094287.0;4265714.0;19714719.0;500
;;;3740325.0;34204090.0;1095279.0;4267105.0;19758310.0;501
;;;3741781.0;34252933.0;1095758.0;4268491.0;19805359.0;502
;;;3743389.0;34292659.0;1096341.0;4269885.0;19846680.0;503
;;;3744681.0;34340395.0;1096799.0;4271276.0;19887058.0;504
;;;3745227.0;34396919.0;1096799.0;4272163.0;19922146.0;505
;;;3746410.0;34517720.0;1096799.0;4273693.0;19942499.0;506
;;;3748613.0;34546464.0;1096799.0;4275846.0;19961374.0;507
;;;3750503.0;34574435.0;1098154.0;4278319.0;19993870.0;508
;;;3752592.0;34653808.0;1098795.0;4281214.0;20034407.0;509
;;;3754511.0;34718806.0;1099414.0;4284332.0;20073891.0;510
;;;3755898.0;34792382.0;1100040.0;4287458.0;20116562.0;511
;;;3756856.0;34864925.0;1100040.0;4289528.0;20156095.0;512
;;;3758401.0;35056367.0;1100040.0;4293083.0;20169989.0;513
;;;3761169.0;35100259.0;1100040.0;4297337.0;20185531.0;514
;;;3764311.0;35144826.0;1101900.0;4302393.0;20220993.0;515
;;;3766765.0;35253185.0;1102829.0;4307535.0;20256436.0;516
;;;3769165.0;35350937.0;1103693.0;4312673.0;20292294.0;517
;;;3771262.0;35453382.0;1104538.0;4317415.0;20325289.0;518
;;;3772109.0;35563070.0;1104538.0;4320530.0;20354591.0;519
;;;3773875.0;35814965.0;1104538.0;4325046.0;20368358.0;520
;;;3777446.0;35877968.0;1104538.0;4330739.0;20386548.0;521
;;;3780985.0;35912844.0;1106821.0;4336906.0;20425554.0;522
;;;3784433.0;36072629.0;1108057.0;4343519.0;20465725.0;523
;;;3787639.0;36190428.0;1109112.0;4350028.0;20501738.0;524
;;;3790766.0;36344881.0;1110147.0;4355348.0;20535951.0;525
;;;3791949.0;36488965.0;1110147.0;4358533.0;20561273.0;526
;;;3794429.0;36715771.0;1110147.0;4363374.0;20575218.0;527
;;;3799425.0;36788837.0;1110147.0;4369964.0;20590872.0;528
;;;3805063.0;36835624.0;1112958.0;4377188.0;20622681.0;529
;;;3810641.0;37029979.0;1114278.0;4383787.0;20652660.0;530
;;;3816285.0;37180569.0;1115566.0;4390684.0;20683583.0;531
;;;3821013.0;37348166.0;1116584.0;4396417.0;20711339.0;532
;;;3823139.0;37503386.0;1116584.0;4400617.0;20734286.0;533
;;;3827051.0;37742459.0;1116584.0;4406241.0;20745549.0;534
;;;3835375.0;37834655.0;1116584.0;4413162.0;20758350.0;535
;;;3843775.0;37878856.0;1119358.0;4420429.0;20785196.0;536
;;;3853055.0;38087078.0;1120628.0;4427827.0;20810944.0;537
;;;3861147.0;38241542.0;1122139.0;4435008.0;20837967.0;538
;;;3868197.0;38420523.0;1123413.0;4440669.0;20861571.0;539
;;;3871865.0;38604289.0;1123413.0;4444338.0;20881896.0;540
;;;3877612.0;38842961.0;1123413.0;4449606.0;20894557.0;541
;;;3889173.0;38921848.0;1123413.0;4456765.0;20904729.0;542
;;;3901799.0;38973857.0;1126813.0;4464005.0;20918333.0;543
;;;3913828.0;39203068.0;1127917.0;4471225.0;20932515.0;544
;;;3924131.0;39383028.0;1129131.0;4478691.0;20965338.0;545
;;;3932547.0;39573544.0;1130525.0;4484613.0;20981793.0;546
;;;3937106.0;39752681.0;1130525.0;4488779.0;20995555.0;547
;;;3942856.0;39988120.0;1130525.0;4494857.0;21003416.0;548
;;;3956387.0;40074029.0;1130525.0;4502396.0;21012064.0;549
;;;3970102.0;40137531.0;1133449.0;4509611.0;21025635.0;550
;;;3984353.0;40231261.0;1135160.0;4517434.0;21038911.0;551
;;;3995188.0;40440426.0;1136535.0;4524292.0;21074358.0;552
;;;4005641.0;40617352.0;1138017.0;4530246.0;21109695.0;553
;;;4010390.0;40783770.0;1138017.0;4534499.0;21234573.0;554
;;;4017116.0;41025780.0;1138017.0;4539991.0;21243748.0;555
;;;4030681.0;41114909.0;1138017.0;4546487.0;21253033.0;556
;;;4046112.0;41163260.0;1141673.0;4553241.0;21268413.0;557
;;;4059081.0;41374036.0;1142770.0;4559970.0;21300996.0;558
;;;4070295.0;41519437.0;1143973.0;4566126.0;21325913.0;559
;;;4077640.0;41692687.0;1144982.0;4571440.0;21344578.0;560
;;;4083151.0;41851462.0;1144982.0;4574787.0;21358441.0;561
;;;4089476.0;42062321.0;1144982.0;4579502.0;21367297.0;562
;;;4101931.0;42137291.0;1144982.0;4585423.0;21376642.0;563
;;;4114856.0;42182161.0;1146968.0;4590941.0;21393526.0;564
;;;4125878.0;42353961.0;1147879.0;4596558.0;21410411.0;565
;;;4134779.0;42475697.0;1148641.0;4601749.0;21432362.0;566
;;;4142116.0;42607048.0;1149407.0;4606413.0;21450424.0;567
;;;4145852.0;42736215.0;1149407.0;4609205.0;21462810.0;568
;;;4150516.0;42910979.0;1149407.0;4613214.0;21471963.0;569
;;;4160970.0;42971473.0;1149407.0;4618040.0;21483481.0;570
;;;4171666.0;43025787.0;1151173.0;4623155.0;21505626.0;571
;;;4181393.0;43181731.0;1152027.0;4627699.0;21524172.0;572
;;;4188604.0;43294479.0;1152886.0;4632275.0;21538788.0;573
;;;4196378.0;43415866.0;1153655.0;4636111.0;21557323.0;574
;;;4199400.0;43526251.0;1153655.0;4638516.0;21572127.0;575
;;;4203571.0;43681079.0;1153655.0;4641890.0;21580539.0;576
;;;4215351.0;43729282.0;1153655.0;4645853.0;21587532.0;577
;;;4227501.0;43774060.0;1155534.0;4649906.0;21594887.0;578
;;;4237619.0;43916968.0;1156248.0;4653696.0;21603259.0;579
;;;4246136.0;44012201.0;1157083.0;4657215.0;21618491.0;580
;;;4252300.0;44124376.0;1157822.0;4660314.0;21632789.0;581
;;;4255388.0;44225899.0;1157822.0;4662087.0;21642550.0;582
;;;4260187.0;44357312.0;1157822.0;4665049.0;21648735.0;583
;;;4271734.0;44396139.0;1157822.0;4668261.0;21658054.0;584
;;;4283378.0;44435809.0;1159560.0;4672355.0;21671287.0;585
;;;4293807.0;44531870.0;1160465.0;4675758.0;21686995.0;586
;;;4302661.0;44642473.0;1161264.0;4679067.0;21703981.0;587
;;;4310273.0;44750935.0;1161933.0;4682034.0;21717379.0;588
;;;4313384.0;44837882.0;1161933.0;4683646.0;21729284.0;589
;;;4318355.0;44947361.0;1161933.0;4686109.0;21733820.0;590
;;;4330258.0;44987145.0;1161933.0;4689341.0;21741647.0;591
;;;4342640.0;45018803.0;1163595.0;4692274.0;21754992.0;592
;;;4354158.0;45117755.0;1164402.0;4695291.0;21772116.0;593
;;;4365107.0;45199673.0;1165194.0;4698038.0;21785802.0;594
;;;4373789.0;45291291.0;1165996.0;4700316.0;21798483.0;595
;;;4377845.0;45369371.0;1165996.0;4701832.0;21808495.0;596
;;;4384616.0;45465322.0;1165996.0;4704318.0;21814625.0;597
;;;4401631.0;45497743.0;1165996.0;4707087.0;21819251.0;598
;;;4417708.0;45516913.0;1168271.0;4709753.0;21825169.0;599
;;;4437280.0;45629482.0;1169530.0;4712482.0;21841479.0;600
;;;4452425.0;45696138.0;1170422.0;4715464.0;21854726.0;601
;;;4466157.0;45798700.0;1171512.0;4717899.0;21867724.0;602
;;;4472730.0;45873796.0;1171512.0;4719493.0;21878897.0;603
;;;4483203.0;45968900.0;1171512.0;4722188.0;21884558.0;604
;;;4506415.0;46003195.0;1171512.0;4725887.0;21891439.0;605
;;;4534452.0;46035518.0;1174273.0;4729678.0;21903249.0;606
;;;4559120.0;46148773.0;1175425.0;4733557.0;21918229.0;607
;;;4580663.0;46217520.0;1176269.0;4737462.0;21933767.0;608
;;;4597550.0;46303113.0;1177094.0;4741185.0;21948366.0;609
;;;4607208.0;46384549.0;1177094.0;4743720.0;21957724.0;610
;;;4618021.0;46481408.0;1177094.0;4747773.0;21962026.0;611
;;;4638419.0;46516269.0;1177094.0;4752368.0;21964769.0;612
;;;4672368.0;46553096.0;1179192.0;4757231.0;21971337.0;613
;;;4709488.0;46663845.0;1180518.0;4762563.0;21984449.0;614
;;;4743490.0;46742201.0;1181532.0;4767440.0;21995851.0;615
;;;4767033.0;46837271.0;1182471.0;4771965.0;22008224.0;616
;;;4782546.0;46894913.0;1182471.0;4774783.0;22016439.0;617
;;;4804378.0;47038424.0;1182471.0;4777614.0;22021527.0;618
;;;4844054.0;47082375.0;1182471.0;4782802.0;22025668.0;619
;;;4894250.0;47114287.0;1185093.0;4788704.0;22038108.0;620
;;;4942890.0;47248323.0;1186387.0;4795465.0;22050362.0;621
;;;4987971.0;47335593.0;1187607.0;4802225.0;22062645.0;622
;;;5021469.0;47448437.0;1188735.0;4808047.0;22073524.0;623
;;;5045076.0;47558263.0;1188735.0;4812594.0;22081833.0;624
;;;5077124.0;47685139.0;1188735.0;4818705.0;22085369.0;625
;;;5129950.0;47730499.0;1188735.0;4826738.0;22089858.0;626
;;;5195321.0;47770331.0;1192560.0;4835435.0;22100143.0;627
;;;5248291.0;47914947.0;1194636.0;4843957.0;22112425.0;628
;;;5312215.0;48006291.0;1196688.0;4852496.0;22124356.0;629
;;;5354942.0;48117869.0;1198848.0;4860061.0;22134978.0;630
;;;5385585.0;48157187.0;1198848.0;4865260.0;22142385.0;631
;;;5430911.0;48210607.0;1198848.0;4873075.0;22147078.0;632
;;;5497795.0;48237146.0;1198848.0;4883242.0;22153095.0;633
;;;5573756.0;48280295.0;1204859.0;4893887.0;22163231.0;634
;;;5650170.0;48466589.0;1207498.0;4904441.0;22173363.0;635
;;;5717295.0;48583698.0;1209935.0;4915981.0;22182116.0;636
;;;5761696.0;48720812.0;1212145.0;4925688.0;22189181.0;637
;;;5791060.0;48859665.0;1212145.0;4932091.0;22191865.0;638
;;;5836813.0;49018275.0;1212145.0;4942135.0;22193480.0;639
;;;5903999.0;49084617.0;1212145.0;4954585.0;22196250.0;640
;;;5977208.0;49139801.0;1219557.0;4968341.0;22200629.0;641
;;;6051560.0;49317487.0;1222892.0;4982022.0;22205707.0;642
;;;6116070.0;49430748.0;1226055.0;4994891.0;22209368.0;643
;;;6158125.0;49580656.0;1229217.0;5007818.0;22213731.0;644
;;;6185961.0;49705186.0;1229217.0;5015790.0;22216112.0;645
;;;6222020.0;49863398.0;1229217.0;5028547.0;22217570.0;646
;;;6291621.0;49919985.0;1229217.0;5043620.0;22220209.0;647
;;;6362232.0;49972294.0;1238689.0;5060430.0;22223943.0;648
;;;6423520.0;50157780.0;1242733.0;5077445.0;22227169.0;649
;;;6477217.0;50270600.0;1246755.0;5094072.0;22230943.0;650
;;;6509863.0;50416449.0;1250885.0;5109082.0;22234623.0;651
;;;6531606.0;50558179.0;1250885.0;5118576.0;22238297.0;652
;;;6562429.0;50750830.0;1250885.0;5134318.0;22243266.0;653
;;;6613730.0;50830588.0;1250885.0;5152264.0;22250218.0;654
;;;6670407.0;50919788.0;1263566.0;5164780.0;22259270.0;655
;;;6721375.0;51159829.0;1268254.0;5185270.0;22269031.0;656
;;;6764188.0;51339243.0;1273313.0;5206305.0;22281649.0;657
;;;6793536.0;51582986.0;1273313.0;5225517.0;22291839.0;658
;;;6809622.0;51852747.0;1273313.0;5238221.0;22295621.0;659
;;;6833050.0;52101269.0;1273313.0;5258886.0;22297427.0;660
;;;6878709.0;52187934.0;1273313.0;5282076.0;22309081.0;661
;;;6923636.0;52366323.0;1294560.0;5308180.0;22328252.0;662
;;;6959067.0;52866887.0;1303663.0;5336795.0;22351104.0;663
;;;6981281.0;53228918.0;1314784.0;5364852.0;22386930.0;664
;;;6991381.0;53731027.0;1314784.0;5389155.0;22450222.0;665
;;;7005289.0;54321726.0;1314784.0;5405360.0;22499525.0;666
;;;7026369.0;54835354.0;1314784.0;5436143.0;22529183.0;667
;;;7066412.0;55024126.0;1314784.0;5472469.0;22563104.0;668
;;;7109182.0;55310096.0;1357753.0;5517054.0;22636359.0;669
;;;7150422.0;56355070.0;1375267.0;5567644.0;22724232.0;670
;;;7176814.0;57167306.0;1375267.0;5622431.0;22822177.0;671
;;;7189329.0;57829942.0;1416650.0;5647313.0;22933289.0;672
;;;7207847.0;58664955.0;1416650.0;5678112.0;22981851.0;673
;;;7238408.0;59534710.0;1416650.0;5756412.0;23015128.0;674
;;;7297320.0;59932402.0;1416650.0;5854428.0;23089509.0;675
;;;7361660.0;60417433.0;1487291.0;5981428.0;23229851.0;676
;;;7417995.0;61801333.0;1509230.0;6125683.0;23425392.0;677
;;;7473884.0;62588719.0;1534797.0;6266939.0;23595178.0;678
;;;7510436.0;63437343.0;1560363.0;6328076.0;23766499.0;679
;;;7535691.0;64298675.0;1560363.0;6396110.0;23931609.0;680
;;;7581381.0;65178708.0;1560363.0;6566947.0;24054405.0;681
;;;7661811.0;65587016.0;1560363.0;6756035.0;24142032.0;682
;;;7743228.0;66066797.0;1657611.0;6975465.0;24342322.0;683
;;;7835451.0;66741922.0;1700336.0;7083762.0;24560093.0;684
;;;7913473.0;67871399.0;1741710.0;7281297.0;24789795.0;685
;;;7965977.0;68779525.0;1784005.0;7436939.0;25050601.0;686
;;;8000122.0;69512096.0;1784005.0;7554344.0;25256198.0;687
;;;8074527.0;70353154.0;1784005.0;7774863.0;25360647.0;688
;;;8186850.0;70655641.0;1784005.0;7971068.0;25463530.0;689
;;;8320386.0;71021085.0;1922990.0;8155645.0;25634781.0;690
;;;8460546.0;71943222.0;1973485.0;8356514.0;25820745.0;691
;;;8596007.0;72436298.0;2015276.0;8549450.0;26107894.0;692
;;;8681447.0;73113413.0;2070456.0;8706915.0;26326454.0;693
;;;8744840.0;73620599.0;2070456.0;8790302.0;26484546.0;694
;;;8871795.0;74235488.0;2070456.0;9018425.0;26546399.0;695
;;;9035795.0;74414100.0;2070456.0;9219391.0;26616014.0;696
;;;9238931.0;74612056.0;2183910.0;9418256.0;26793497.0;697
;;;9429079.0;75155545.0;2223115.0;9603856.0;26972914.0;698
;;;9618245.0;75481455.0;2259656.0;9781191.0;27135550.0;699
;;;9737215.0;75811583.0;2287785.0;9923678.0;27299336.0;700
;;;9815533.0;76087053.0;2287785.0;10001344.0;27434286.0;701
;;;9978146.0;76442998.0;2287785.0;10212621.0;27492904.0;702
;;;10186644.0;76529420.0;2287785.0;10383561.0;27552267.0;703
;;;10422764.0;76612894.0;2354455.0;10539601.0;27677468.0;704
;;;10671602.0;76960236.0;2372637.0;10683948.0;27819996.0;705
;;;10889417.0;77174893.0;2389605.0;10821375.0;27940119.0;706
;;;11022590.0;77363564.0;2397330.0;10925485.0;28072238.0;707
;;;11117857.0;77535327.0;2397330.0;10983116.0;28177367.0;708
;;;11287428.0;77745055.0;2397330.0;11116422.0;28218180.0;709
;;;11521678.0;77796920.0;2397330.0;11235745.0;28258458.0;710
;;;11769540.0;77855243.0;2409081.0;11348701.0;28361951.0;711
;;;12009712.0;78025833.0;2414463.0;11449601.0;28493336.0;712
;;;12219501.0;78137184.0;2418560.0;11542793.0;28589235.0;713
;;;12344661.0;78252179.0;2422856.0;11621736.0;28679671.0;714
;;;12421126.0;78354112.0;2422856.0;11663338.0;28749552.0;715
;;;12580343.0;78499431.0;2422856.0;11765767.0;28776794.0;716
;;;12800315.0;78530836.0;2422856.0;11847436.0;28796571.0;717
;;;13035941.0;78553839.0;2431365.0;11923631.0;28818850.0;718
;;;13255989.0;78636952.0;2434783.0;11991109.0;28846495.0;719
;;;13445094.0;78726482.0;2437850.0;12053330.0;28906672.0;720
;;;13563126.0;78811740.0;2441142.0;12105675.0;28978052.0;721
;;;13636993.0;78878913.0;2441142.0;12134451.0;29040800.0;722
;;;13762895.0;78953372.0;2441142.0;12205474.0;29056525.0;723
;;;13971947.0;79000783.0;2441142.0;12265343.0;29077831.0;724
;;;14188269.0;79019006.0;2448182.0;12323398.0;29152318.0;725
;;;14399012.0;79117923.0;2451464.0;12377098.0;29198101.0;726
;;;14574845.0;79164626.0;2453936.0;12427773.0;29259206.0;727
;;;14682758.0;79218222.0;2455966.0;12469975.0;29313228.0;728
;;;14745107.0;79266899.0;2455966.0;12494459.0;29361024.0;729
;;;14867218.0;79318216.0;2455966.0;12554596.0;29374833.0;730
;;;15053624.0;79333135.0;2455966.0;12603758.0;29391345.0;731
;;;15264297.0;79345532.0;2460783.0;12651251.0;29441039.0;732
;;;15481890.0;79409682.0;2462952.0;12693320.0;29488777.0;733
;;;15674100.0;79439490.0;2465099.0;12732680.0;29532810.0;734
;;;15790989.0;79477236.0;2466577.0;12764558.0;29584800.0;735
;;;15869417.0;79523851.0;2466577.0;12782836.0;29624435.0;736
;;;16026216.0;79573570.0;2466577.0;12829972.0;29637814.0;737
;;;16242070.0;79583788.0;2466577.0;12867918.0;29650082.0;738
;;;16504822.0;79594838.0;2470254.0;12910506.0;29691641.0;739
;;;16757658.0;79630270.0;2472068.0;12948859.0;29738362.0;740
;;;16994744.0;79654662.0;2473707.0;12990223.0;29775568.0;741
;;;17141351.0;79700813.0;2475687.0;13026112.0;29809769.0;742
;;;17233729.0;79754008.0;2475687.0;13048774.0;29839103.0;743
;;;17432617.0;79785391.0;2475687.0;13109527.0;29849740.0;744
;;;17695210.0;79796268.0;2475687.0;13159342.0;29857641.0;745
;;;17990141.0;79807717.0;2475687.0;13214498.0;29887191.0;746
;;;18287986.0;79850024.0;2475687.0;13268459.0;29920604.0;747
;;;18548225.0;79874602.0;2481736.0;13323179.0;29951670.0;748
;;;18680017.0;79915628.0;2481736.0;13373207.0;29978513.0;749
;;;18772331.0;79958634.0;2481736.0;13402905.0;29995575.0;750
;;;18994411.0;80005086.0;2481736.0;13489319.0;30002785.0;751
;;;19278143.0;80014520.0;2481736.0;13563466.0;30015357.0;752
;;;19596530.0;80026310.0;2481736.0;13645834.0;30042272.0;753
;;;19893028.0;80065310.0;2481736.0;13724411.0;30069094.0;754
;;;20145054.0;80089499.0;2487852.0;13800179.0;30095328.0;755
;;;20256278.0;80128697.0;2487852.0;13861743.0;30125540.0;756
;;;20323779.0;80174366.0;2487852.0;13895188.0;30146769.0;757
;;;20561131.0;80206601.0;2487852.0;13992092.0;30153979.0;758
;;;20829608.0;80218402.0;2487852.0;14070450.0;30161909.0;759
;;;21357095.0;80223157.0;2487852.0;14153098.0;30184286.0;760
;;;21357039.0;80252108.0;2487852.0;14229495.0;30210934.0;761
;;;21553495.0;80277777.0;2491980.0;14304111.0;30234024.0;762
;;;21668677.0;80318757.0;2491980.0;14364723.0;30247302.0;763
;;;21668677.0;80369413.0;2491980.0;14396283.0;30250077.0;764
;;;21849074.0;80444466.0;2491980.0;14496579.0;30252618.0;765
;;;22265788.0;80457185.0;2491980.0;14567990.0;30261088.0;766
;;;22441051.0;80466719.0;2491980.0;14642354.0;30275219.0;767
;;;22591726.0;80507105.0;2491980.0;14719394.0;30311969.0;768
;;;22647197.0;80542883.0;2495996.0;14790806.0;30330629.0;769
;;;22677986.0;80598324.0;2495996.0;14845815.0;30338697.0;770
;;;22878428.0;80649056.0;2495996.0;14877144.0;30345808.0;771
;;;23017079.0;80684507.0;2495996.0;14966058.0;30349463.0;772
;;;23182447.0;80696851.0;2495996.0;15035943.0;30355919.0;773
;;;23339311.0;80704358.0;2495996.0;15106066.0;30378061.0;774
;;;23376879.0;80765855.0;2495996.0;15173707.0;30399004.0;775
;;;23416663.0;80805166.0;2498388.0;15238128.0;30418920.0;776
;;;23437145.0;80874153.0;2498388.0;15292048.0;30433042.0;777
;;;23459628.0;80935910.0;2498388.0;15320753.0;30448236.0;778
;;;23658211.0;81026005.0;2498388.0;15404809.0;30454499.0;779
;;;23844536.0;81045753.0;2498388.0;15467395.0;30460997.0;780
;;;24006254.0;81059259.0;2498388.0;15533012.0;30482429.0;781
;;;24141333.0;81129565.0;2498388.0;15595302.0;30502501.0;782
;;;24180512.0;81174986.0;2500917.0;15659835.0;30524183.0;783
;;;24200596.0;81265076.0;2500917.0;15712088.0;30543908.0;784
;;;24337394.0;81342502.0;2500917.0;15730676.0;30558530.0;785
;;;24337394.0;81403779.0;2500917.0;15758002.0;30564536.0;786
;;;24609159.0;81427789.0;2500917.0;15858442.0;30574245.0;787
;;;24710769.0;81444510.0;2500917.0;15934437.0;30594388.0;788
;;;24798067.0;81539336.0;2500917.0;16008181.0;30617786.0;789
;;;24809785.0;81589041.0;2503090.0;16079209.0;30639130.0;790
;;;24813817.0;81701176.0;2503090.0;16136057.0;30664739.0;791
;;;24927339.0;81789869.0;2503090.0;16161339.0;30682094.0;792
;;;25033970.0;81918770.0;2503090.0;16191323.0;30688390.0;793
;;;25130137.0;81946624.0;2503090.0;16279754.0;30701900.0;794
;;;25215210.0;81952416.0;2503090.0;16349788.0;30701900.0;795
;;;25287462.0;82082654.0;2503090.0;16409183.0;30701900.0;796
;;;25295950.0;82153069.0;2504894.0;16463200.0;30701900.0;797
;;;25299300.0;82313425.0;2504894.0;16504791.0;30762413.0;798
;;;25406868.0;82427596.0;2504894.0;16523859.0;30762413.0;799
;;;25503878.0;82515128.0;2504894.0;16586268.0;30791220.0;800
;;;25592839.0;82532231.0;2504894.0;16633911.0;30803995.0;801
;;;25661838.0;82564371.0;2504894.0;16682626.0;30836815.0;802
;;;25723697.0;82743304.0;2504894.0;16726990.0;30851191.0;803
;;;25729848.0;82828058.0;2506607.0;16767773.0;30880512.0;804
;;;25732153.0;83031988.0;2506607.0;16798998.0;30921145.0;805
;;;25818405.0;83167350.0;2506607.0;16816419.0;30945384.0;806
;;;25890456.0;83316600.0;2506607.0;16872618.0;30953579.0;807
;;;25949175.0;83343542.0;2506607.0;16915301.0;30977661.0;808
;;;25998085.0;83363145.0;2506607.0;16954784.0;31019038.0;809
;;;26040460.0;83505856.0;2507948.0;16993813.0;31060017.0;810
;;;26044283.0;83589069.0;2507948.0;17030147.0;31101290.0;811
;;;26045528.0;83799341.0;2507948.0;17057873.0;31137479.0;812
;;;26109965.0;83945049.0;2507948.0;17071649.0;31137479.0;813
;;;26159106.0;84053291.0;2507948.0;17116550.0;31137479.0;814
;;;26198811.0;84066044.0;2507948.0;17147477.0;31195118.0;815
;;;26200663.0;84071868.0;2507948.0;17178199.0;31266163.0;816
;;;26240639.0;84132799.0;2507948.0;17205017.0;31315777.0;817
;;;26243352.0;84303372.0;2509366.0;17229263.0;31360850.0;818
;;;26244107.0;84531044.0;2509366.0;17247552.0;31417341.0;819
;;;26305996.0;84652971.0;2509366.0;17257573.0;31445137.0;820
;;;26360953.0;84810779.0;2509366.0;17288287.0;31456865.0;821
;;;26409455.0;84837248.0;2509366.0;17312432.0;31497038.0;822
;;;26452148.0;84852143.0;2509366.0;17333299.0;31541479.0;823
;;;26493235.0;85015109.0;2509366.0;17355119.0;31611769.0;824
;;;26493235.0;85101971.0;2510930.0;17373741.0;31611769.0;825
;;;26496611.0;85301375.0;2510930.0;17388877.0;31611769.0;826
;;;26498361.0;85444505.0;2510930.0;17396723.0;31611769.0;827
;;;26583016.0;85552274.0;2510930.0;17421410.0;31611769.0;828
;;;26660652.0;85586276.0;2510930.0;17440232.0;31754465.0;829
;;;26738530.0;85602852.0;2510930.0;17457950.0;31818827.0;830
;;;26803867.0;85757481.0;2510930.0;17467642.0;31890733.0;831
;;;26803867.0;85847606.0;2512853.0;17490451.0;31962782.0;832
;;;26809245.0;86032537.0;2512853.0;17505973.0;32023166.0;833
;;;26915085.0;86162722.0;2512853.0;17514589.0;32023166.0;834
;;;27007429.0;86302130.0;2512853.0;17543136.0;32023166.0;835
;;;27096571.0;86318609.0;2512853.0;17566061.0;32130316.0;836
;;;27124689.0;86335537.0;2512853.0;17589595.0;32206954.0;837
;;;27204953.0;86432318.0;2512853.0;17611607.0;32206954.0;838
;;;27204955.0;86544207.0;2515769.0;17634065.0;32358018.0;839
;;;27211896.0;86729709.0;2515769.0;17653375.0;32434063.0;840
;;;27334993.0;86879073.0;2515769.0;17664043.0;32471847.0;841
;;;27454225.0;86996892.0;2515769.0;17703887.0;32490422.0;842
;;;27573585.0;87036530.0;2515769.0;17736696.0;32535923.0;843
;;;27681775.0;87057610.0;2515769.0;17773764.0;32610514.0;844
;;;27771111.0;87221641.0;2515769.0;17809934.0;32687680.0;845
;;;27771112.0;87318894.0;2519199.0;17844905.0;32759730.0;846
;;;27771911.0;87509243.0;2519199.0;17879160.0;32830844.0;847
;;;27914240.0;87676928.0;2519199.0;17896065.0;32874501.0;848
;;;28048190.0;87834048.0;2519199.0;17959329.0;32896464.0;849
;;;28180861.0;87853046.0;2519199.0;18014202.0;32940507.0;850
;;;28293960.0;87860328.0;2519199.0;18071634.0;33004555.0;851
;;;28392629.0;87940775.0;2519199.0;18128044.0;33076779.0;852
;;;28392630.0;88080932.0;2523404.0;18184917.0;33142158.0;853
;;;28394995.0;88281522.0;2523404.0;18234242.0;33250117.0;854
;;;28542484.0;88423604.0;2523404.0;18259261.0;33290266.0;855
;;;28673212.0;88561936.0;2523404.0;18343422.0;33301118.0;856
;;;28808614.0;88589359.0;2523404.0;18438877.0;33339815.0;857
;;;28926346.0;88612306.0;2523404.0;18523111.0;33397814.0;858
;;;29022265.0;88814500.0;2523404.0;18610011.0;33454294.0;859
;;;29022265.0;88961757.0;2528166.0;18695954.0;33505727.0;860
;;;29025760.0;89165157.0;2528166.0;18768871.0;33555526.0;861
;;;29180489.0;89339379.0;2528166.0;18805756.0;33555526.0;862
;;;29308100.0;89489222.0;2528166.0;18938771.0;33591356.0;863
;;;29460249.0;89528673.0;2528166.0;19048788.0;33621965.0;864
;;;29569943.0;89556403.0;2528166.0;19157174.0;33659879.0;865
;;;29692989.0;89721856.0;2528166.0;19259037.0;33704393.0;866
;;;29692989.0;89837983.0;2533978.0;19357938.0;;867
;;;29692989.0;90053464.0;2533978.0;19439501.0;;868
;;;29853680.0;90207453.0;2533978.0;19523262.0;;869
;;;29994679.0;90374094.0;2533978.0;19667320.0;;870
;;;30131303.0;90398709.0;2533978.0;19778911.0;;871
;;;30239122.0;90410386.0;2533978.0;19887543.0;;872
;;;30331131.0;90567290.0;2533978.0;19985479.0;;873
;;;30331133.0;90733888.0;;20076863.0;;874
;;;30331133.0;90973418.0;;20145859.0;;875
;;;30476605.0;;;20177910.0;;876
;;;30598385.0;;;20299013.0;;877
;;;30702511.0;;;20385814.0;;878
;;;;;;20467349.0;;879
;;;;;;20539016.0;;880
;;;;;;20608190.0;;881
;;;;;;20660065.0;;882
;;;;;;20684182.0;;883
;;;;;;20772833.0;;884
;;;;;;20837233.0;;885
