date;Germany;US;Sweden;Italy;Brazil
2020-01-22;0;1;0;0;0
2020-01-23;0;1;0;0;0
2020-01-24;0;2;0;0;0
2020-01-25;0;2;0;0;0
2020-01-26;0;5;0;0;0
2020-01-27;1;5;0;0;0
2020-01-28;4;5;0;0;0
2020-01-29;4;6;0;0;0
2020-01-30;4;6;0;0;0
2020-01-31;5;8;0;2;0
2020-02-01;8;8;1;2;0
2020-02-02;10;8;1;2;0
2020-02-03;12;11;1;2;0
2020-02-04;12;11;1;2;0
2020-02-05;12;11;1;2;0
2020-02-06;12;12;1;2;0
2020-02-07;13;12;1;3;0
2020-02-08;13;12;1;3;0
2020-02-09;14;12;1;3;0
2020-02-10;14;12;1;3;0
2020-02-11;16;13;1;3;0
2020-02-12;16;13;1;3;0
2020-02-13;16;14;1;3;0
2020-02-14;16;14;1;3;0
2020-02-15;16;14;1;3;0
2020-02-16;16;14;1;3;0
2020-02-17;16;14;1;3;0
2020-02-18;16;14;1;3;0
2020-02-19;16;14;1;3;0
2020-02-20;16;14;1;3;0
2020-02-21;16;16;1;20;0
2020-02-22;16;16;1;62;0
2020-02-23;16;16;1;155;0
2020-02-24;16;16;1;229;0
2020-02-25;16;16;1;322;0
2020-02-26;21;16;2;453;1
2020-02-27;26;17;3;655;1
2020-02-28;53;17;11;888;1
2020-02-29;66;25;14;1128;2
2020-03-01;117;32;14;1694;2
2020-03-02;150;55;19;2036;2
2020-03-03;188;74;32;2502;2
2020-03-04;240;107;62;3089;4
2020-03-05;349;184;87;3858;4
2020-03-06;534;237;146;4636;13
2020-03-07;684;403;179;5883;13
2020-03-08;847;519;225;7375;20
2020-03-09;1112;594;326;9172;25
2020-03-10;1296;782;424;10149;31
2020-03-11;1567;1147;620;12462;38
2020-03-12;2369;1586;771;15113;52
2020-03-13;3062;2219;923;17660;151
2020-03-14;3795;2978;994;21157;151
2020-03-15;4838;3212;1063;24747;162
2020-03-16;6012;4679;1146;27980;200
2020-03-17;7156;6512;1265;31506;321
2020-03-18;8198;9169;1410;35713;372
2020-03-19;10999;13663;1553;41035;621
2020-03-20;13957;20030;1733;47021;793
2020-03-21;16662;26025;1868;53578;1021
2020-03-22;18610;34944;1986;59138;1546
2020-03-23;22672;46096;2168;63927;1924
2020-03-24;27436;56714;2398;69176;2247
2020-03-25;31554;68841;2712;74386;2554
2020-03-26;36508;86662;2998;80589;2985
2020-03-27;42288;105253;3363;86498;3417
2020-03-28;48582;127417;3663;92472;3904
2020-03-29;52547;143544;3943;97689;4256
2020-03-30;57298;165698;4359;101739;4579
2020-03-31;61913;192079;4834;105792;5717
2020-04-01;67366;223254;5320;110574;6836
2020-04-02;73522;255530;5874;115242;8044
2020-04-03;79696;287931;6475;119827;9056
2020-04-04;85778;319776;6832;124632;10360
2020-04-05;91714;349016;7172;128948;11130
2020-04-06;95391;380798;7561;132547;12161
2020-04-07;99225;410834;8299;135586;14034
2020-04-08;103228;441897;8954;139422;16170
2020-04-09;108202;477507;9599;143626;18092
2020-04-10;113525;511790;10053;147577;19638
2020-04-11;117658;540714;10448;152271;20727
2020-04-12;120479;567022;10912;156363;22192
2020-04-13;123016;594165;11349;159516;23430
2020-04-14;125098;622493;11828;162488;25262
2020-04-15;127584;648390;12432;165155;28320
2020-04-16;130450;678028;13055;168941;30425
2020-04-17;133830;711135;13743;172434;33682
2020-04-18;137439;738464;14275;175925;36658
2020-04-19;139897;763886;14663;178972;38654
2020-04-20;141672;793970;15124;181228;40743
2020-04-21;143457;820045;15831;183957;43079
2020-04-22;145694;849926;16553;187327;45757
2020-04-23;148046;881891;17311;189973;50036
2020-04-24;150383;913856;18090;192994;54043
2020-04-25;152438;944770;18563;195351;59324
2020-04-26;154175;970741;18863;197675;63100
2020-04-27;155193;995391;19426;199414;67446
2020-04-28;156337;1019964;20168;201505;73235
2020-04-29;157641;1046816;20966;203591;79685
2020-04-30;159119;1076518;21601;205463;87187
2020-05-01;160758;1111410;22133;207428;92202
2020-05-02;161703;1138174;22432;209328;97100
2020-05-03;162496;1161907;22693;210717;101826
2020-05-04;163175;1185709;23169;211938;108620
2020-05-05;163860;1209729;23826;213013;115455
2020-05-06;164807;1234211;24572;214457;126611
2020-05-07;166091;1261950;25359;215858;135773
2020-05-08;167300;1289133;26059;217185;146894
2020-05-09;168551;1313587;26568;218268;156061
2020-05-10;169218;1332334;26846;219070;162699
2020-05-11;169575;1351411;27301;219814;169594
2020-05-12;170508;1374792;28055;221216;178214
2020-05-13;171306;1394807;28755;222104;190137
2020-05-14;172239;1420697;29415;223096;203165
2020-05-15;173152;1445548;30103;223885;220291
2020-05-16;173772;1469598;30461;224760;233511
2020-05-17;174355;1488327;30720;225435;241080
2020-05-18;174697;1510635;31151;225886;255368
2020-05-19;175210;1531138;31818;226699;271885
2020-05-20;176007;1553966;32626;227364;294624
2020-05-21;176752;1579118;33236;228006;312761
2020-05-22;177212;1602947;33768;228658;334568
2020-05-23;177850;1623136;34171;229327;351565
2020-05-24;178281;1643310;34381;229858;366033
2020-05-25;178570;1662404;34871;230158;378840
2020-05-26;179002;1681130;35617;230555;395167
2020-05-27;179364;1699893;36417;231139;415366
2020-05-28;179717;1721160;37191;231732;443703
2020-05-29;180458;1746242;37964;232248;470593
2020-05-30;181196;1769322;38396;232664;502914
2020-05-31;181482;1788241;38661;232997;516137
2020-06-01;181815;1806081;39309;233197;531286
2020-06-02;182028;1826171;40210;233515;562963
2020-06-03;182370;1845327;41256;233836;589048
2020-06-04;182764;1873261;42295;234013;621002
2020-06-05;183271;1899701;43441;234531;653103
2020-06-06;183678;1919970;44224;234801;676893
2020-06-07;183979;1937796;44686;234998;694881
2020-06-08;184193;1954696;45363;235278;712219
2020-06-09;184543;1975017;46299;235561;743917
2020-06-10;184861;1996735;47736;235763;777707
2020-06-11;185416;2019013;49030;236142;806399
2020-06-12;185674;2044571;50367;236305;830681
2020-06-13;186022;2068728;51409;236651;851911
2020-06-14;186269;2087629;51827;236989;868705
2020-06-15;186461;2108628;52511;237290;893322
2020-06-16;186839;2133177;53729;237500;930305
2020-06-17;187184;2160227;55186;237828;961230
2020-06-18;187764;2188454;56682;238159;986750
2020-06-19;188534;2219508;57895;238011;1042809
2020-06-20;189135;2251334;58597;238275;1106332
2020-06-21;189822;2277170;58918;238499;1086536
2020-06-22;190359;2306971;59718;238720;1114728
2020-06-23;190862;2345700;61030;238833;1154255
2020-06-24;191449;2381951;62728;239410;1195288
2020-06-25;192079;2421250;64009;239706;1236752
2020-06-26;192556;2470296;65212;239961;1281636
2020-06-27;193243;2511050;65972;240136;1318556
2020-06-28;193499;2553975;66392;240310;1351439
2020-06-29;193761;2595272;67119;240436;1372989
2020-06-30;194259;2645097;67924;240578;1412669
2020-07-01;194725;2694220;68608;240760;1459494
2020-07-02;195228;2749163;69297;240961;1503895
2020-07-03;195674;2800668;69996;241184;1546935
2020-07-04;196096;2846614;70366;241419;1580502
2020-07-05;196335;2900342;70681;241611;1605695
2020-07-06;196554;2943508;70932;241819;1630149
2020-07-07;196944;3000739;71210;241956;1676848
2020-07-08;197341;3061045;71747;242149;1722098
2020-07-09;197783;3120701;72082;242363;1765060
2020-07-10;198178;3189561;72459;242639;1809371
2020-07-11;198556;3250000;72773;242827;1844318
2020-07-12;198804;3310132;72879;243061;1867976
2020-07-13;198963;3369496;73049;243230;1890869
2020-07-14;199375;3435158;73364;243344;1933791
2020-07-15;199726;3501184;73663;243506;1973933
2020-07-16;200260;3571998;73936;243736;2017616
2020-07-17;200843;3638470;74235;243967;2052234
2020-07-18;201372;3702792;74435;244216;2077987
2020-07-19;201574;3761724;74545;244434;2101399
2020-07-20;201823;3822387;74676;244624;2124152
2020-07-21;202345;3890581;74902;244752;2171079
2020-07-22;202799;3958126;75199;245032;2237229
2020-07-23;203368;4026012;75419;245338;2294555
2020-07-24;204183;4101159;75681;245590;2351458
2020-07-25;204964;4165359;75819;245864;2398993
2020-07-26;205269;4221198;75861;246118;2421666
2020-07-27;205609;4280922;75932;246286;2449677
2020-07-28;206242;4345753;76215;246488;2503681
2020-07-29;206926;4409882;76516;246776;2559132
2020-07-30;207828;4479123;76818;247158;2617187
2020-07-31;208698;4543699;77076;247537;2670451
2020-08-01;209653;4601277;77379;247832;2711992
2020-08-02;209893;4648386;77417;248070;2736058
2020-08-03;210402;4690070;77582;248229;2756164
2020-08-04;211281;4751727;77916;248419;2812447
2020-08-05;212022;4806075;78341;248803;2868616
2020-08-06;213067;4866254;78719;249204;2922605
2020-08-07;214214;4926841;79099;249756;2972008
2020-08-08;215336;4990774;79359;250103;3018397
2020-08-09;215891;5045041;79432;250566;3041127
2020-08-10;216327;5096658;79628;250825;3067633
2020-08-11;217293;5153612;80045;251237;3118153
2020-08-12;218519;5208856;80489;251713;3173107
2020-08-13;219964;5260512;80851;252235;3233820
2020-08-14;221413;5330637;81195;252809;3283227
2020-08-15;222828;5383031;81421;253438;3320108
2020-08-16;223453;5417693;81484;253915;3343114
2020-08-17;224014;5455542;81658;254235;3367511
2020-08-18;225404;5500444;81972;254636;3416775
2020-08-19;226914;5546328;82323;255278;3465378
2020-08-20;228621;5591456;82656;256118;3508352
2020-08-21;230048;5639047;82954;257065;3540678
2020-08-22;232082;5684719;83114;258136;3586586
2020-08-23;232864;5716630;83171;259345;3608459
2020-08-24;233575;5750553;83353;260298;3631972
2020-08-25;234853;5793226;83578;261174;3678279
2020-08-26;236429;5835299;83824;262540;3726431
2020-08-27;237936;5885817;83958;263949;3768691
2020-08-28;239507;5932287;83958;265409;3812779
2020-08-29;240986;5975390;83958;266853;3850070
2020-08-30;241771;6009521;83958;268218;3864604
2020-08-31;242381;6042883;84379;269214;3914829
2020-09-01;243599;6084862;84521;270189;3959158
2020-09-02;244855;6124823;84532;271515;4005611
2020-09-03;246166;6169964;84729;272912;4052420
2020-09-04;247619;6218298;84985;274644;4091959
2020-09-05;248997;6261921;84985;276338;4125816
2020-09-06;249985;6291040;84985;277634;4140488
2020-09-07;250799;6315603;85558;278784;4150004
2020-09-08;252298;6342347;85707;280153;4168790
2020-09-09;253474;6375987;85880;281583;4205877
2020-09-10;255366;6415435;86194;283180;4246638
2020-09-11;256850;6460058;86505;284796;4288171
2020-09-12;258480;6505641;86505;286297;4318971
2020-09-13;259428;6545932;86505;287753;4332991
2020-09-14;260355;6578496;86505;288761;4353602
2020-09-15;261762;6615674;87345;289990;4388154
2020-09-16;263663;6653966;87575;291442;4425451
2020-09-17;265857;6699284;87885;293025;4461856
2020-09-18;267773;6749468;88237;294932;4501587
2020-09-19;270070;6795246;88237;296569;4531145
2020-09-20;271415;6836856;88237;298156;4546587
2020-09-21;272337;6868899;88237;299506;4564222
2020-09-22;274158;6907170;89436;300897;4599189
2020-09-23;275927;6948290;89756;302537;4631915
2020-09-24;278070;6997173;90289;304323;4663930
2020-09-25;280223;7044309;90923;306235;4696240
2020-09-26;282730;7087856;90923;308104;4720958
2020-09-27;284140;7121635;90923;309870;4734745
2020-09-28;285332;7159375;90923;311364;4751616
2020-09-29;287421;7201407;92466;313011;4784464
2020-09-30;289219;7240039;92863;314861;4817365
2020-10-01;291722;7286282;93615;317409;4853148
2020-10-02;294395;7339725;94283;319908;4885966
2020-10-03;296958;7389006;94283;322751;4908974
2020-10-04;299237;7422136;94283;325329;4917689
2020-10-05;300619;7459493;94283;327586;4943742
2020-10-06;303258;7504039;96145;330263;4975268
2020-10-07;306086;7553176;96677;333940;5006206
2020-10-08;310144;7611066;97532;338398;5033036
2020-10-09;314660;7666145;98451;343770;5060769
2020-10-10;319381;7721512;98451;349494;5084513
2020-10-11;322864;7768412;98451;354950;5096704
2020-10-12;325331;7810492;98451;359569;5105340
2020-10-13;329453;7860615;100654;365467;5118699
2020-10-14;334585;7919057;101332;372799;5146543
2020-10-15;341223;7982595;102407;381602;5176969
2020-10-16;348557;8052769;103200;391611;5205565
2020-10-17;356387;8107601;103200;402536;5226341
2020-10-18;361974;8159771;103200;414241;5238392
2020-10-19;366299;8227653;103200;423578;5254971
2020-10-20;373167;8289390;106380;434449;5278737
2020-10-21;380762;8350096;107355;449648;5304593
2020-10-22;392049;8429717;108969;465726;5329357
2020-10-23;403291;8511376;110594;484869;5359358
2020-10-24;418005;8589751;110594;504509;5384342
2020-10-25;429181;8650726;110594;525782;5396596
2020-10-26;437866;8715290;110594;542789;5415207
2020-10-27;449275;8792513;115785;564778;5445189
2020-10-28;464239;8878990;117913;589766;5473540
2020-10-29;481013;8970283;121167;616595;5500240
2020-10-30;499694;9070130;124355;647674;5524593
2020-10-31;518753;9157473;124355;679430;5537763
2020-11-01;532930;9235303;124355;709335;5547951
2020-11-02;545027;9317109;124355;731588;5556200
2020-11-03;560379;9441875;134532;759829;5570782
2020-11-04;577593;9542136;137730;790377;5594098
2020-11-05;597583;9670217;141764;824879;5617943
2020-11-06;619089;9797272;146461;862681;5638143
2020-11-07;642488;9924336;146461;902490;5655887
2020-11-08;658505;10044009;146461;935104;5666389
2020-11-09;671868;10160964;146461;960373;5679803
2020-11-10;687200;10297518;162240;995463;5726227
2020-11-11;705687;10445200;166707;1028424;5752474
2020-11-12;727553;10603995;171365;1066401;5786393
2020-11-13;751095;10783514;177355;1107303;5825111
2020-11-14;773556;10947564;177355;1144552;5851389
2020-11-15;790503;11087279;177355;1178529;5865295
2020-11-16;801327;11240367;177355;1205881;5881039
2020-11-17;815746;11405015;192439;1238072;5916529
2020-11-18;833307;11576984;196446;1272352;5951281
2020-11-19;855916;11769284;201055;1308528;5987143
2020-11-20;879564;11970952;208295;1345767;6025913
2020-11-21;902528;12150771;208295;1380531;6056135
2020-11-22;918269;12297358;208295;1408868;6074061
2020-11-23;929133;12478869;208295;1431795;6092219
2020-11-24;942687;12652431;225560;1455022;6126752
2020-11-25;961320;12832643;230514;1480874;6171380
2020-11-26;983588;12949892;236355;1509875;6212265
2020-11-27;1006394;13164526;243129;1538217;6245773
2020-11-28;1028089;13332750;243129;1564532;6297258
2020-11-29;1042700;13473101;243129;1585178;6318270
2020-11-30;1053869;13628015;243129;1601554;6341965
2020-12-01;1067473;13825131;260758;1620901;6393950
2020-12-02;1084743;14021291;266158;1641610;6442425
2020-12-03;1106789;14241510;272643;1664829;6492564
2020-12-04;1130238;14476879;278912;1688939;6540235
2020-12-05;1153556;14698887;278912;1709991;6580517
2020-12-06;1171323;14878212;278912;1728878;6606947
2020-12-07;1183655;15073671;278912;1742557;6633971
2020-12-08;1197709;15300726;297732;1757394;6681767
2020-12-09;1218524;15516732;304793;1770149;6736358
2020-12-10;1242203;15753677;312728;1787147;6789908
2020-12-11;1272078;15992578;320098;1805873;6842458
2020-12-12;1300516;16217115;320098;1825775;6884782
2020-12-13;1320716;16408708;320098;1843712;6906811
2020-12-14;1337078;16618531;320098;1855737;6934191
2020-12-15;1351510;16844844;341029;1870576;6982223
2020-12-16;1379238;17079647;348585;1888144;7048347
2020-12-17;1406161;17319893;357466;1906377;7117046
2020-12-18;1439938;17567839;367120;1921778;7169899
2020-12-19;1471238;17773691;367120;1938083;7218141
2020-12-20;1494009;17960885;367120;1953185;7242625
2020-12-21;1510652;18157739;367120;1964054;7270270
2020-12-22;1530180;18363670;389439;1977370;7326935
2020-12-23;1554920;18585107;396048;1991278;7372614
2020-12-24;1587115;18798055;396048;2009317;7430825
2020-12-25;1612648;18925234;396048;2028354;7452008
2020-12-26;1627103;19142672;396048;2038759;7469541
2020-12-27;1640858;19278635;396048;2047696;7487155
2020-12-28;1651834;19451935;396048;2056277;7514592
2020-12-29;1664726;19657909;428533;2067487;7570963
2020-12-30;1687185;19876203;437379;2083689;7626563
2020-12-31;1719737;20191291;437379;2107166;7681032
2021-01-01;1742661;20370188;437379;2129376;7703971
2021-01-02;1755351;20642467;437379;2141201;7719324
2021-01-03;1765666;20845869;437379;2155446;7736514
2021-01-04;1775513;21031371;437379;2166244;7761553
2021-01-05;1787410;21264230;469748;2181619;7819636
2021-01-06;1808647;21523988;469748;2201945;7882143
2021-01-07;1835038;21810231;482284;2220361;7970112
2021-01-08;1866887;22114294;489471;2237890;8029698
2021-01-09;1891581;22379024;489471;2257866;8081091
2021-01-10;1908527;22589866;489471;2276491;8110118
2021-01-11;1921024;22793829;489471;2289021;8140865
2021-01-12;1933826;23015643;506866;2303263;8205289
2021-01-13;1953426;23244975;512203;2319036;8265116
2021-01-14;1978590;23480547;518783;2336279;8333445
2021-01-15;2000958;23725550;523486;2352423;8402542
2021-01-16;2019636;23943240;523486;2368733;8460987
2021-01-17;2033518;24119795;523486;2381277;8492403
2021-01-18;2040659;24260618;523486;2390102;8521336
2021-01-19;2052028;24417505;533265;2400598;8583485
2021-01-20;2068002;24604885;537967;2414166;8647962
2021-01-21;2088400;24797436;542952;2428221;8706912
2021-01-22;2106262;24989204;547166;2441854;8763517
2021-01-23;2122679;25167377;547166;2455185;8821815
2021-01-24;2134936;25307520;547166;2466813;8850334
2021-01-25;2141665;25437119;547166;2475372;8880864
2021-01-26;2148077;25588125;556289;2485956;8942472
2021-01-27;2161275;25743581;560472;2501147;9007244
2021-01-28;2178828;25910340;564557;2515507;9068004
2021-01-29;2192850;26074081;566957;2529070;9127507
2021-01-30;2205171;26225020;566957;2541783;9180621
2021-01-31;2216363;26337877;566957;2553032;9208521
2021-02-01;2221971;26463191;566957;2560957;9237011
2021-02-02;2228085;26580221;576606;2570608;9293289
2021-02-03;2237790;26704591;580916;2583790;9347703
2021-02-04;2252001;26829620;584674;2597446;9404810
2021-02-05;2264909;26960729;588062;2611659;9456500
2021-02-06;2275394;27077586;588062;2625098;9502810
2021-02-07;2284010;27167014;588062;2636738;9528972
2021-02-08;2288545;27249811;588062;2644707;9557558
2021-02-09;2291924;27345192;596174;2655319;9608775
2021-02-10;2299996;27440473;600244;2668266;9669883
2021-02-11;2310233;27547244;604577;2683403;9723487
2021-02-12;2320093;27647824;608411;2697296;9772429
2021-02-13;2328447;27738580;608411;2710819;9817285
2021-02-14;2334561;27806888;608411;2721879;9848008
2021-02-15;2338987;27862336;608411;2729223;9873816
2021-02-16;2342843;27921557;617869;2739591;9939100
2021-02-17;2350399;27990403;622102;2751657;9986325
2021-02-18;2360606;28062983;627022;2765412;10039804
2021-02-19;2369719;28138141;631166;2780882;10091961
2021-02-20;2378883;28211923;631166;2795796;10144332
2021-02-21;2386559;28267188;631166;2809246;10173817
2021-02-22;2390928;28322670;631166;2818863;10205663
2021-02-23;2394811;28396527;642099;2832162;10269248
2021-02-24;2402818;28471552;647470;2848564;10334634
2021-02-25;2414687;28548831;652465;2868435;10402913
2021-02-26;2424684;28624249;657309;2888923;10466308
2021-02-27;2434446;28695537;657309;2907825;10524726
2021-02-28;2442336;28747301;657309;2925265;10558091
2021-03-01;2447068;28797741;657309;2938371;10598476
2021-03-02;2451011;28856159;669113;2955434;10658171
2021-03-03;2460030;28923209;675292;2976274;10731070
2021-03-04;2471942;28992150;680130;2999119;10807092
2021-03-05;2482522;29060028;684961;3023129;10879597
2021-03-06;2492079;29121057;684961;3046762;10946501
2021-03-07;2500182;29162667;684961;3067486;11028185
2021-03-08;2505193;29206757;684961;3081368;11064770
2021-03-09;2509445;29262259;695975;3101093;11136064
2021-03-10;2518591;29320032;701892;3123368;11217531
2021-03-11;2532947;29381820;707192;3149017;11294602
2021-03-12;2545781;29444421;712527;3175807;11377073
2021-03-13;2558455;29501241;712527;3201838;11447416
2021-03-14;2569245;29540515;712527;3223142;11490864
2021-03-15;2575849;29591547;712527;3238394;11535178
2021-03-16;2581329;29645614;725289;3258770;11620823
2021-03-17;2594764;29704888;732070;3281810;11709475
2021-03-18;2612268;29767278;738537;3306711;11797401
2021-03-19;2629750;29828910;744272;3332418;11885660
2021-03-20;2645783;29887777;744272;3356331;11958814
2021-03-21;2659516;29923155;744272;3376376;12006259
2021-03-22;2667225;29970579;744272;3400877;12062229
2021-03-23;2674710;30023437;758335;3419616;12147437
2021-03-24;2690523;30111195;765984;3440862;12238343
2021-03-25;2713180;30178821;773690;3464543;12336604
2021-03-26;2734753;30255191;780018;3488619;12416950
2021-03-27;2755225;30319246;780018;3512453;12498653
2021-03-28;2772401;30365566;780018;3532057;12545611
2021-03-29;2782273;30431438;780018;3544957;12588226
2021-03-30;2791822;30493127;796445;3561012;12674667
2021-03-31;2808873;30562657;804886;3584899;12763392
2021-04-01;2833173;30639513;813191;3607083;12851165
2021-04-02;2855061;30713536;813191;3629000;12920540
2021-04-03;2873190;30778416;813191;3650247;12959895
2021-04-04;2885386;30816339;813191;3668264;12992213
2021-04-05;2893883;30883426;813191;3678944;13034887
2021-04-06;2900768;30946252;834993;3686707;13120019
2021-04-07;2910445;31022028;841807;3700393;13208715
2021-04-08;2930852;31102094;849629;3717602;13297270
2021-04-09;2956316;31186847;857401;3736526;13385380
2021-04-10;2980413;31257382;857401;3754077;13451932
2021-04-11;2998268;31304838;857401;3769814;13491107
2021-04-12;3011513;31367021;857401;3779594;13530757
2021-04-13;3022323;31447860;876506;3793033;13613418
2021-04-14;3044016;31523464;885385;3809193;13688024
2021-04-15;3073442;31597446;892480;3826156;13759207
2021-04-16;3099273;31680918;900138;3842079;13843594
2021-04-17;3123077;31736405;900138;3857443;13912159
2021-04-18;3142262;31780231;900138;3870131;13950997
2021-04-19;3153699;31838777;900138;3878994;13987519
2021-04-20;3163308;31901217;916830;3891063;14060162
2021-04-21;3188192;31965563;924340;3904899;14134150
2021-04-22;3217710;32032282;932076;3920945;14182258
2021-04-23;3245253;32095177;938343;3935703;14251539
2021-04-24;3268645;32150148;938343;3949517;14315320
2021-04-25;3287418;32184916;938343;3962674;14348961
2021-04-26;3299325;32227203;938343;3971114;14381359
2021-04-27;3310301;32279484;953254;3981512;14457203
2021-04-28;3332532;32334670;960520;3994894;14534482
2021-04-29;3357268;32393496;967678;4009208;14603096
2021-04-30;3381597;32451598;973604;4022653;14675104
2021-05-01;3400532;32500374;973604;4035617;14733396
2021-05-02;3416822;32530930;973604;4044762;14762684
2021-05-03;3425982;32575552;973604;4050708;14801673
2021-05-04;3433516;32618447;988554;4059821;14871208
2021-05-05;3451550;32664490;995595;4070400;14947580
2021-05-06;3473503;32710669;1002121;4082198;15019870
2021-05-07;3491988;32759084;1007792;4092747;15096714
2021-05-08;3507673;32794738;1007792;4102921;15158475
2021-05-09;3520329;32817608;1007792;4111210;15191195
2021-05-10;3527251;32849984;1007792;4116287;15227496
2021-05-11;3533376;32885461;1021604;4123230;15297602
2021-05-12;3548285;32921612;1027934;4131078;15373850
2021-05-13;3565704;32960348;1027934;4139160;15453880
2021-05-14;3577040;33002565;1037126;4146722;15531794
2021-05-15;3584934;33033322;1037126;4153374;15599145
2021-05-16;3593434;33051014;1037126;4159122;15636709
2021-05-17;3598846;33076256;1037126;4162576;15672307
2021-05-18;3603055;33105171;1047143;4167025;15747112
2021-05-19;3614095;33134775;1051762;4172525;15827375
2021-05-20;3626393;33164990;1055173;4178261;15910762
2021-05-21;3635162;33193815;1058341;4183476;15987393
2021-05-22;3642244;33215028;1058341;4188190;16055289
2021-05-23;3648958;33228813;1058341;4192183;16093784
2021-05-24;3651640;33250684;1058341;4194672;16131264
2021-05-25;3653551;33275274;1064375;4197892;16205305
2021-05-26;3656177;33299870;1067107;4201827;16285550
2021-05-27;3662490;33326711;1068473;4205970;16350081
2021-05-28;3669870;33348953;1068473;4209707;16403969
2021-05-29;3675296;33362264;1068473;4213055;16479832
2021-05-30;3679148;33369618;1068473;4216003;16521281
2021-05-31;3681126;33375892;1068473;4217821;16557888
2021-06-01;3682911;33396745;1068473;4220304;16636801
2021-06-02;3687828;33413457;1068473;4223200;16733079
2021-06-03;3692468;33431853;1076993;4225163;16809146
2021-06-04;3695633;33449718;1078062;4227719;16852317
2021-06-05;3697927;33465322;1078062;4230153;16913984
2021-06-06;3700367;33471338;1078062;4232428;16954327
2021-06-07;3701484;33485408;1078062;4233698;16994043
2021-06-08;3702688;33498448;1080733;4235592;17049756
2021-06-09;3705942;33517013;1081898;4237790;17134623
2021-06-10;3709129;33531794;1082729;4239868;17225867
2021-06-11;3711569;33556945;1083456;4241760;17312179
2021-06-12;3713480;33566105;1083456;4243482;17385952
2021-06-13;3714969;33571375;1083456;4244872;17422936
2021-06-14;3715518;33583161;1083456;4245779;17465628
2021-06-15;3716170;33593891;1084636;4247032;17552769
2021-06-16;3717625;33605799;1084636;4248432;17639297
2021-06-17;3718955;33617562;1084636;4249755;17715789
2021-06-18;3720031;33638744;1084636;4250902;17811233
2021-06-19;3721139;33647796;1084636;4252095;17889167
2021-06-20;3721981;33652753;1084636;4252976;17933754
2021-06-21;3722327;33663308;1084636;4253460;17979164
2021-06-22;3722782;33674104;1088014;4254294;18103412
2021-06-23;3723798;33686769;1088518;4255434;18180808
2021-06-24;3724806;33701245;1088896;4255700;18257432
2021-06-25;3725580;33725847;1088896;4256451;18332493
2021-06-26;3726172;33735216;1088896;4257289;18393158
2021-06-27;3726710;33739840;1088896;4258069;18425138
2021-06-28;3726929;33753423;1088896;4258456;18457197
2021-06-29;3727333;33760900;1089743;4259133;18523153
2021-06-30;3728141;33776252;1089990;4259909;18570296
2021-07-01;3729033;33791371;1090553;4260788;18631426
2021-07-02;3729682;33821128;1090880;4261582;18694998
2021-07-03;3730353;33826542;1090880;4262511;18748731
2021-07-04;3730912;33830826;1090880;4263317;18774193
2021-07-05;3731124;33839728;1090880;4263797;18802128
2021-07-06;3731564;33862010;1091730;4264704;18863811
2021-07-07;3732549;33882188;1092083;4265714;18917978
2021-07-08;3733519;33903053;1092308;4267105;18972125
2021-07-09;3734468;33950646;1092540;4268491;19030577
2021-07-10;3735420;33960765;1092540;4269885;19074698
2021-07-11;3736165;33972512;1092540;4271276;19093845
2021-07-12;3736489;34001934;1092540;4272163;19113078
2021-07-13;3737135;34028465;1093209;4273693;19161644
2021-07-14;3738683;34059590;1093576;4275846;19217741
2021-07-15;3740325;34091550;1093923;4278319;19272139
2021-07-16;3741781;34169659;1094287;4281214;19315054
2021-07-17;3743389;34183761;1094287;4284332;19364084
2021-07-18;3744681;34204090;1094287;4287458;19380831
2021-07-19;3745227;34252933;1094287;4289528;19397587
2021-07-20;3746410;34292659;1095279;4293083;19428736
2021-07-21;3748613;34340395;1095758;4297337;19484572
2021-07-22;3750503;34396919;1096341;4302393;19533253
2021-07-23;3752592;34517720;1096799;4307535;19640373
2021-07-24;3754511;34546464;1096799;4312673;19675021
2021-07-25;3755898;34574435;1096799;4317415;19693277
2021-07-26;3756856;34653808;1096799;4320530;19714719
2021-07-27;3758401;34718806;1098154;4325046;19758310
2021-07-28;3761169;34792382;1098795;4330739;19805359
2021-07-29;3764311;34864925;1099414;4336906;19846680
2021-07-30;3766765;35056367;1100040;4343519;19887058
2021-07-31;3769165;35100259;1100040;4350028;19922146
2021-08-01;3771262;35144826;1100040;4355348;19942499
2021-08-02;3772109;35253185;1100040;4358533;19961374
2021-08-03;3773875;35350937;1101900;4363374;19993870
2021-08-04;3777446;35453382;1102829;4369964;20034407
2021-08-05;3780985;35563070;1103693;4377188;20073891
2021-08-06;3784433;35814965;1104538;4383787;20116562
2021-08-07;3787639;35877968;1104538;4390684;20156095
2021-08-08;3790766;35912844;1104538;4396417;20169989
2021-08-09;3791949;36072629;1104538;4400617;20185531
2021-08-10;3794429;36190428;1106821;4406241;20220993
2021-08-11;3799425;36344881;1108057;4413162;20256436
2021-08-12;3805063;36488965;1109112;4420429;20292294
2021-08-13;3810641;36715771;1110147;4427827;20325289
2021-08-14;3816285;36788837;1110147;4435008;20354591
2021-08-15;3821013;36835624;1110147;4440669;20368358
2021-08-16;3823139;37029979;1110147;4444338;20386548
2021-08-17;3827051;37180569;1112958;4449606;20425554
2021-08-18;3835375;37348166;1114278;4456765;20465725
2021-08-19;3843775;37503386;1115566;4464005;20501738
2021-08-20;3853055;37742459;1116584;4471225;20535951
2021-08-21;3861147;37834655;1116584;4478691;20561273
2021-08-22;3868197;37878856;1116584;4484613;20575218
2021-08-23;3871865;38087078;1116584;4488779;20590872
2021-08-24;3877612;38241542;1119358;4494857;20622681
2021-08-25;3889173;38420523;1120628;4502396;20652660
2021-08-26;3901799;38604289;1122139;4509611;20683583
2021-08-27;3913828;38842961;1123413;4517434;20711339
2021-08-28;3924131;38921848;1123413;4524292;20734286
2021-08-29;3932547;38973857;1123413;4530246;20745549
2021-08-30;3937106;39203068;1123413;4534499;20758350
2021-08-31;3942856;39383028;1126813;4539991;20785196
2021-09-01;3956387;39573544;1127917;4546487;20810944
2021-09-02;3970102;39752681;1129131;4553241;20837967
2021-09-03;3984353;39988120;1130525;4559970;20861571
2021-09-04;3995188;40074029;1130525;4566126;20881896
2021-09-05;4005641;40137531;1130525;4571440;20894557
2021-09-06;4010390;40231261;1130525;4574787;20904729
2021-09-07;4017116;40440426;1133449;4579502;20918333
2021-09-08;4030681;40617352;1135160;4585423;20932515
2021-09-09;4046112;40783770;1136535;4590941;20965338
2021-09-10;4059081;41025780;1138017;4596558;20981793
2021-09-11;4070295;41114909;1138017;4601749;20995555
2021-09-12;4077640;41163260;1138017;4606413;21003416
2021-09-13;4083151;41374036;1138017;4609205;21012064
2021-09-14;4089476;41519437;1141673;4613214;21025635
2021-09-15;4101931;41692687;1142770;4618040;21038911
2021-09-16;4114856;41851462;1143973;4623155;21074358
2021-09-17;4125878;42062321;1144982;4627699;21109695
2021-09-18;4134779;42137291;1144982;4632275;21234573
2021-09-19;4142116;42182161;1144982;4636111;21243748
2021-09-20;4145852;42353961;1144982;4638516;21253033
2021-09-21;4150516;42475697;1146968;4641890;21268413
2021-09-22;4160970;42607048;1147879;4645853;21300996
2021-09-23;4171666;42736215;1148641;4649906;21325913
2021-09-24;4181393;42910979;1149407;4653696;21344578
2021-09-25;4188604;42971473;1149407;4657215;21358441
2021-09-26;4196378;43025787;1149407;4660314;21367297
2021-09-27;4199400;43181731;1149407;4662087;21376642
2021-09-28;4203571;43294479;1151173;4665049;21393526
2021-09-29;4215351;43415866;1152027;4668261;21410411
2021-09-30;4227501;43526251;1152886;4672355;21432362
2021-10-01;4237619;43681079;1153655;4675758;21450424
2021-10-02;4246136;43729282;1153655;4679067;21462810
2021-10-03;4252300;43774060;1153655;4682034;21471963
2021-10-04;4255388;43916968;1153655;4683646;21483481
2021-10-05;4260187;44012201;1155534;4686109;21505626
2021-10-06;4271734;44124376;1156248;4689341;21524172
2021-10-07;4283378;44225899;1157083;4692274;21538788
2021-10-08;4293807;44357312;1157822;4695291;21557323
2021-10-09;4302661;44396139;1157822;4698038;21572127
2021-10-10;4310273;44435809;1157822;4700316;21580539
2021-10-11;4313384;44531870;1157822;4701832;21587532
2021-10-12;4318355;44642473;1159560;4704318;21594887
2021-10-13;4330258;44750935;1160465;4707087;21603259
2021-10-14;4342640;44837882;1161264;4709753;21618491
2021-10-15;4354158;44947361;1161933;4712482;21632789
2021-10-16;4365107;44987145;1161933;4715464;21642550
2021-10-17;4373789;45018803;1161933;4717899;21648735
2021-10-18;4377845;45117755;1161933;4719493;21658054
2021-10-19;4384616;45199673;1163595;4722188;21671287
2021-10-20;4401631;45291291;1164402;4725887;21686995
2021-10-21;4417708;45369371;1165194;4729678;21703981
2021-10-22;4437280;45465322;1165996;4733557;21717379
2021-10-23;4452425;45497743;1165996;4737462;21729284
2021-10-24;4466157;45516913;1165996;4741185;21733820
2021-10-25;4472730;45629482;1165996;4743720;21741647
2021-10-26;4483203;45696138;1168271;4747773;21754992
2021-10-27;4506415;45798700;1169530;4752368;21772116
2021-10-28;4534452;45873796;1170422;4757231;21785802
2021-10-29;4559120;45968900;1171512;4762563;21798483
2021-10-30;4580663;46003195;1171512;4767440;21808495
2021-10-31;4597550;46035518;1171512;4771965;21814625
2021-11-01;4607208;46148773;1171512;4774783;21819251
2021-11-02;4618021;46217520;1174273;4777614;21825169
2021-11-03;4638419;46303113;1175425;4782802;21841479
2021-11-04;4672368;46384549;1176269;4788704;21854726
2021-11-05;4709488;46481408;1177094;4795465;21867724
2021-11-06;4743490;46516269;1177094;4802225;21878897
2021-11-07;4767033;46553096;1177094;4808047;21884558
2021-11-08;4782546;46663845;1177094;4812594;21891439
2021-11-09;4804378;46742201;1179192;4818705;21903249
2021-11-10;4844054;46837271;1180518;4826738;21918229
2021-11-11;4894250;46894913;1181532;4835435;21933767
2021-11-12;4942890;47038424;1182471;4843957;21948366
2021-11-13;4987971;47082375;1182471;4852496;21957724
2021-11-14;5021469;47114287;1182471;4860061;21962026
2021-11-15;5045076;47248323;1182471;4865260;21964769
2021-11-16;5077124;47335593;1185093;4873075;21971337
2021-11-17;5129950;47448437;1186387;4883242;21984449
2021-11-18;5195321;47558263;1187607;4893887;21995851
2021-11-19;5248291;47685139;1188735;4904441;22008224
2021-11-20;5312215;47730499;1188735;4915981;22016439
2021-11-21;5354942;47770331;1188735;4925688;22021527
2021-11-22;5385585;47914947;1188735;4932091;22025668
2021-11-23;5430911;48006291;1192560;4942135;22038108
2021-11-24;5497795;48117869;1194636;4954585;22050362
2021-11-25;5573756;48157187;1196688;4968341;22062645
2021-11-26;5650170;48210607;1198848;4982022;22073524
2021-11-27;5717295;48237146;1198848;4994891;22081833
2021-11-28;5761696;48280295;1198848;5007818;22085369
2021-11-29;5791060;48466589;1198848;5015790;22089858
2021-11-30;5836813;48583698;1204859;5028547;22100143
2021-12-01;5903999;48720812;1207498;5043620;22112425
2021-12-02;5977208;48859665;1209935;5060430;22124356
2021-12-03;6051560;49018275;1212145;5077445;22134978
2021-12-04;6116070;49084617;1212145;5094072;22142385
2021-12-05;6158125;49139801;1212145;5109082;22147078
2021-12-06;6185961;49317487;1212145;5118576;22153095
2021-12-07;6222020;49430748;1219557;5134318;22163231
2021-12-08;6291621;49580656;1222892;5152264;22173363
2021-12-09;6362232;49705186;1226055;5164780;22182116
2021-12-10;6423520;49863398;1229217;5185270;22189181
2021-12-11;6477217;49919985;1229217;5206305;22191865
2021-12-12;6509863;49972294;1229217;5225517;22193480
2021-12-13;6531606;50157780;1229217;5238221;22196250
2021-12-14;6562429;50270600;1238689;5258886;22200629
2021-12-15;6613730;50416449;1242733;5282076;22205707
2021-12-16;6670407;50558179;1246755;5308180;22209368
2021-12-17;6721375;50750830;1250885;5336795;22213731
2021-12-18;6764188;50830588;1250885;5364852;22216112
2021-12-19;6793536;50919788;1250885;5389155;22217570
2021-12-20;6809622;51159829;1250885;5405360;22220209
2021-12-21;6833050;51339243;1263566;5436143;22223943
2021-12-22;6878709;51582986;1268254;5472469;22227169
2021-12-23;6923636;51852747;1273313;5517054;22230943
2021-12-24;6959067;52101269;1273313;5567644;22234623
2021-12-25;6981281;52187934;1273313;5622431;22238297
2021-12-26;6991381;52366323;1273313;5647313;22243266
2021-12-27;7005289;52866887;1273313;5678112;22250218
2021-12-28;7026369;53228918;1294560;5756412;22259270
2021-12-29;7066412;53731027;1303663;5854428;22269031
2021-12-30;7109182;54321726;1314784;5981428;22281649
2021-12-31;7150422;54835354;1314784;6125683;22291839
2022-01-01;7176814;55024126;1314784;6266939;22295621
2022-01-02;7189329;55310096;1314784;6328076;22297427
2022-01-03;7207847;56355070;1314784;6396110;22309081
2022-01-04;7238408;57167306;1357753;6566947;22328252
2022-01-05;7297320;57829942;1375267;6756035;22351104
2022-01-06;7361660;58664955;1375267;6975465;22386930
2022-01-07;7417995;59534710;1416650;7083762;22450222
2022-01-08;7473884;59932402;1416650;7281297;22499525
2022-01-09;7510436;60417433;1416650;7436939;22529183
2022-01-10;7535691;61801333;1416650;7554344;22563104
2022-01-11;7581381;62588719;1487291;7774863;22636359
2022-01-12;7661811;63437343;1509230;7971068;22724232
2022-01-13;7743228;64298675;1534797;8155645;22822177
2022-01-14;7835451;65178708;1560363;8356514;22933289
2022-01-15;7913473;65587016;1560363;8549450;22981851
2022-01-16;7965977;66066797;1560363;8706915;23015128
2022-01-17;8000122;66741922;1560363;8790302;23089509
2022-01-18;8074527;67871399;1657611;9018425;23229851
2022-01-19;8186850;68779525;1700336;9219391;23425392
2022-01-20;8320386;69512096;1741710;9418256;23595178
2022-01-21;8460546;70353154;1784005;9603856;23766499
2022-01-22;8596007;70655641;1784005;9781191;23931609
2022-01-23;8681447;71021085;1784005;9923678;24054405
2022-01-24;8744840;71943222;1784005;10001344;24142032
2022-01-25;8871795;72436298;1922990;10212621;24342322
2022-01-26;9035795;73113413;1973485;10383561;24560093
2022-01-27;9238931;73620599;2015276;10539601;24789795
2022-01-28;9429079;74235488;2070456;10683948;25050601
2022-01-29;9618245;74414100;2070456;10821375;25256198
2022-01-30;9737215;74612056;2070456;10925485;25360647
2022-01-31;9815533;75155545;2070456;10983116;25463530
2022-02-01;9978146;75481455;2183910;11116422;25634781
2022-02-02;10186644;75811583;2223115;11235745;25820745
2022-02-03;10422764;76087053;2259656;11348701;26107894
2022-02-04;10671602;76442998;2287785;11449601;26326454
2022-02-05;10889417;76529420;2287785;11542793;26484546
2022-02-06;11022590;76612894;2287785;11621736;26546399
2022-02-07;11117857;76960236;2287785;11663338;26616014
2022-02-08;11287428;77174893;2354455;11765767;26793497
2022-02-09;11521678;77363564;2372637;11847436;26972914
2022-02-10;11769540;77535327;2389605;11923631;27135550
2022-02-11;12009712;77745055;2397330;11991109;27299336
2022-02-12;12219501;77796920;2397330;12053330;27434286
2022-02-13;12344661;77855243;2397330;12105675;27492904
2022-02-14;12421126;78025833;2397330;12134451;27552267
2022-02-15;12580343;78137184;2409081;12205474;27677468
2022-02-16;12800315;78252179;2414463;12265343;27819996
2022-02-17;13035941;78354112;2418560;12323398;27940119
2022-02-18;13255989;78499431;2422856;12377098;28072238
2022-02-19;13445094;78530836;2422856;12427773;28177367
2022-02-20;13563126;78553839;2422856;12469975;28218180
2022-02-21;13636993;78636952;2422856;12494459;28258458
2022-02-22;13762895;78726482;2431365;12554596;28361951
2022-02-23;13971947;78811740;2434783;12603758;28493336
2022-02-24;14188269;78878913;2437850;12651251;28589235
2022-02-25;14399012;78953372;2441142;12693320;28679671
2022-02-26;14574845;79000783;2441142;12732680;28749552
2022-02-27;14682758;79019006;2441142;12764558;28776794
2022-02-28;14745107;79117923;2441142;12782836;28796571
2022-03-01;14867218;79164626;2448182;12829972;28818850
2022-03-02;15053624;79218222;2451464;12867918;28846495
2022-03-03;15264297;79266899;2453936;12910506;28906672
2022-03-04;15481890;79318216;2455966;12948859;28978052
2022-03-05;15674100;79333135;2455966;12990223;29040800
2022-03-06;15790989;79345532;2455966;13026112;29056525
2022-03-07;15869417;79409682;2455966;13048774;29077831
2022-03-08;16026216;79439490;2460783;13109527;29152318
2022-03-09;16242070;79477236;2462952;13159342;29198101
2022-03-10;16504822;79523851;2465099;13214498;29259206
2022-03-11;16757658;79573570;2466577;13268459;29313228
2022-03-12;16994744;79583788;2466577;13323179;29361024
2022-03-13;17141351;79594838;2466577;13373207;29374833
2022-03-14;17233729;79630270;2466577;13402905;29391345
2022-03-15;17432617;79654662;2470254;13489319;29441039
2022-03-16;17695210;79700813;2472068;13563466;29488777
2022-03-17;17990141;79754008;2473707;13645834;29532810
2022-03-18;18287986;79785391;2475687;13724411;29584800
2022-03-19;18548225;79796268;2475687;13800179;29624435
2022-03-20;18680017;79807717;2475687;13861743;29637814
2022-03-21;18772331;79850024;2475687;13895188;29650082
2022-03-22;18994411;79874602;2475687;13992092;29691641
2022-03-23;19278143;79915628;2475687;14070450;29738362
2022-03-24;19596530;79958634;2481736;14153098;29775568
2022-03-25;19893028;80005086;2481736;14229495;29809769
2022-03-26;20145054;80014520;2481736;14304111;29839103
2022-03-27;20256278;80026310;2481736;14364723;29849740
2022-03-28;20323779;80065310;2481736;14396283;29857641
2022-03-29;20561131;80089499;2481736;14496579;29887191
2022-03-30;20829608;80128697;2481736;14567990;29920604
2022-03-31;21357095;80174366;2487852;14642354;29951670
2022-04-01;21357039;80206601;2487852;14719394;29978513
2022-04-02;21553495;80218402;2487852;14790806;29995575
2022-04-03;21668677;80223157;2487852;14845815;30002785
2022-04-04;21668677;80252108;2487852;14877144;30015357
2022-04-05;21849074;80277777;2487852;14966058;30042272
2022-04-06;22265788;80318757;2487852;15035943;30069094
2022-04-07;22441051;80369413;2491980;15106066;30095328
2022-04-08;22591726;80444466;2491980;15173707;30125540
2022-04-09;22647197;80457185;2491980;15238128;30146769
2022-04-10;22677986;80466719;2491980;15292048;30153979
2022-04-11;22878428;80507105;2491980;15320753;30161909
2022-04-12;23017079;80542883;2491980;15404809;30184286
2022-04-13;23182447;80598324;2491980;15467395;30210934
2022-04-14;23339311;80649056;2495996;15533012;30234024
2022-04-15;23376879;80684507;2495996;15595302;30247302
2022-04-16;23416663;80696851;2495996;15659835;30250077
2022-04-17;23437145;80704358;2495996;15712088;30252618
2022-04-18;23459628;80765855;2495996;15730676;30261088
2022-04-19;23658211;80805166;2495996;15758002;30275219
2022-04-20;23844536;80874153;2495996;15858442;30311969
2022-04-21;24006254;80935910;2498388;15934437;30330629
2022-04-22;24141333;81026005;2498388;16008181;30338697
2022-04-23;24180512;81045753;2498388;16079209;30345808
2022-04-24;24200596;81059259;2498388;16136057;30349463
2022-04-25;24337394;81129565;2498388;16161339;30355919
2022-04-26;24337394;81174986;2498388;16191323;30378061
2022-04-27;24609159;81265076;2498388;16279754;30399004
2022-04-28;24710769;81342502;2500917;16349788;30418920
2022-04-29;24798067;81403779;2500917;16409183;30433042
2022-04-30;24809785;81427789;2500917;16463200;30448236
2022-05-01;24813817;81444510;2500917;16504791;30454499
2022-05-02;24927339;81539336;2500917;16523859;30460997
2022-05-03;25033970;81589041;2500917;16586268;30482429
2022-05-04;25130137;81701176;2500917;16633911;30502501
2022-05-05;25215210;81789869;2503090;16682626;30524183
2022-05-06;25287462;81918770;2503090;16726990;30543908
2022-05-07;25295950;81946624;2503090;16767773;30558530
2022-05-08;25299300;81952416;2503090;16798998;30564536
2022-05-09;25406868;82082654;2503090;16816419;30574245
2022-05-10;25503878;82153069;2503090;16872618;30594388
2022-05-11;25592839;82313425;2503090;16915301;30617786
2022-05-12;25661838;82427596;2504894;16954784;30639130
2022-05-13;25723697;82515128;2504894;16993813;30664739
2022-05-14;25729848;82532231;2504894;17030147;30682094
2022-05-15;25732153;82564371;2504894;17057873;30688390
2022-05-16;25818405;82743304;2504894;17071649;30701900
2022-05-17;25890456;82828058;2504894;17116550;30701900
2022-05-18;25949175;83031988;2504894;17147477;30701900
2022-05-19;25998085;83167350;2506607;17178199;30701900
2022-05-20;26040460;83316600;2506607;17205017;30762413
2022-05-21;26044283;83343542;2506607;17229263;30762413
2022-05-22;26045528;83363145;2506607;17247552;30791220
2022-05-23;26109965;83505856;2506607;17257573;30803995
2022-05-24;26159106;83589069;2506607;17288287;30836815
2022-05-25;26198811;83799341;2507948;17312432;30851191
2022-05-26;26200663;83945049;2507948;17333299;30880512
2022-05-27;26240639;84053291;2507948;17355119;30921145
2022-05-28;26243352;84066044;2507948;17373741;30945384
2022-05-29;26244107;84071868;2507948;17388877;30953579
2022-05-30;26305996;84132799;2507948;17396723;30977661
2022-05-31;26360953;84303372;2507948;17421410;31019038
2022-06-01;26409455;84531044;2507948;17440232;31060017
2022-06-02;26452148;84652971;2509366;17457950;31101290
2022-06-03;26493235;84810779;2509366;17467642;31137479
2022-06-04;26493235;84837248;2509366;17490451;31137479
2022-06-05;26496611;84852143;2509366;17505973;31137479
2022-06-06;26498361;85015109;2509366;17514589;31195118
2022-06-07;26583016;85101971;2509366;17543136;31266163
2022-06-08;26660652;85301375;2509366;17566061;31315777
2022-06-09;26738530;85444505;2510930;17589595;31360850
2022-06-10;26803867;85552274;2510930;17611607;31417341
2022-06-11;26803867;85586276;2510930;17634065;31445137
2022-06-12;26809245;85602852;2510930;17653375;31456865
2022-06-13;26915085;85757481;2510930;17664043;31497038
2022-06-14;27007429;85847606;2510930;17703887;31541479
2022-06-15;27096571;86032537;2510930;17736696;31611769
2022-06-16;27124689;86162722;2512853;17773764;31611769
2022-06-17;27204953;86302130;2512853;17809934;31611769
2022-06-18;27204955;86318609;2512853;17844905;31611769
2022-06-19;27211896;86335537;2512853;17879160;31611769
2022-06-20;27334993;86432318;2512853;17896065;31754465
2022-06-21;27454225;86544207;2512853;17959329;31818827
2022-06-22;27573585;86729709;2512853;18014202;31890733
2022-06-23;27681775;86879073;2515769;18071634;31962782
2022-06-24;27771111;86996892;2515769;18128044;32023166
2022-06-25;27771112;87036530;2515769;18184917;32023166
2022-06-26;27771911;87057610;2515769;18234242;32023166
2022-06-27;27914240;87221641;2515769;18259261;32130316
2022-06-28;28048190;87318894;2515769;18343422;32206954
2022-06-29;28180861;87509243;2515769;18438877;32206954
2022-06-30;28293960;87676928;2519199;18523111;32358018
2022-07-01;28392629;87834048;2519199;18610011;32434063
2022-07-02;28392630;87853046;2519199;18695954;32471847
2022-07-03;28394995;87860328;2519199;18768871;32490422
2022-07-04;28542484;87940775;2519199;18805756;32535923
2022-07-05;28673212;88080932;2519199;18938771;32610514
2022-07-06;28808614;88281522;2519199;19048788;32687680
2022-07-07;28926346;88423604;2523404;19157174;32759730
2022-07-08;29022265;88561936;2523404;19259037;32830844
2022-07-09;29022265;88589359;2523404;19357938;32874501
2022-07-10;29025760;88612306;2523404;19439501;32896464
2022-07-11;29180489;88814500;2523404;19523262;32940507
2022-07-12;29308100;88961757;2523404;19667320;33004555
2022-07-13;29460249;89165157;2523404;19778911;33076779
2022-07-14;29569943;89339379;2528166;19887543;33142158
2022-07-15;29692989;89489222;2528166;19985479;33250117
2022-07-16;29692989;89528673;2528166;20076863;33290266
2022-07-17;29692989;89556403;2528166;20145859;33301118
2022-07-18;29853680;89721856;2528166;20177910;33339815
2022-07-19;29994679;89837983;2528166;20299013;33397814
2022-07-20;30131303;90053464;2528166;20385814;33454294
2022-07-21;30239122;90207453;2533978;20467349;33505727
2022-07-22;30331131;90374094;2533978;20539016;33555526
2022-07-23;30331133;90398709;2533978;20608190;33555526
2022-07-24;30331133;90410386;2533978;20660065;33591356
2022-07-25;30476605;90567290;2533978;20684182;33621965
2022-07-26;30598385;90733888;2533978;20772833;33659879
2022-07-27;30702511;90973418;2533978;20837233;33704393
